metric_id,family,variant,reference,statistic,value,reference_value,delta,unit,role,notes
M2-PART-01,Participation,REF_FULLDAY_POOL,REF_TRAIN_BINARY,trip_day_share,0.8388077218596429,0.8792475284865663,-0.04043980662692337,share,DIAGNOSTIC,"Selection-pool diagnostic, not target."
M2-PART-01,Participation,D_REPLAY_EXACT_V1,REF_TRAIN_BINARY,trip_day_share,0.8849996004155678,0.8792475284865663,0.005752071929001512,share,DIAGNOSTIC,Coverage=87591/100000.
M2-PART-01,Participation,D_MATCH_FULLDAY_V1,REF_TRAIN_BINARY,trip_day_share,0.84426,0.8792475284865663,-0.03498752848656628,share,DIAGNOSTIC,Conditioned on full-day donor pool.
M2-COUNT-01,TripCount,REF_FULLDAY_POOL,REF_TRAIN_CORE_STRICT_COUNT,mean_trips_per_person_day,2.869053123121836,3.190172808457594,-0.3211196853357583,trips/person-day,DIAGNOSTIC,Selection-pool diagnostic.
M2-COUNT-01,TripCount,D_REPLAY_EXACT_V1,REF_TRAIN_CORE_STRICT_COUNT,mean_trips_per_person_day,3.261810239764459,3.190172808457594,0.07163743130686484,trips/person-day,DIAGNOSTIC,Coverage=82873/100000.
M2-COUNT-01,TripCount,D_MATCH_FULLDAY_V1,REF_TRAIN_CORE_STRICT_COUNT,mean_trips_per_person_day,2.91508,3.190172808457594,-0.2750928084575941,trips/person-day,DIAGNOSTIC,All 100k matched days.
M2-COUNT-02,TripCount,REF_FULLDAY_POOL,REF_TRAIN_CORE_STRICT_COUNT,TVD,0.04828815764837749,0.0,0.04828815764837749,TVD,DIAGNOSTIC,
M2-COUNT-02,TripCount,D_REPLAY_EXACT_V1,REF_TRAIN_CORE_STRICT_COUNT,TVD,0.03107268240590092,0.0,0.03107268240590092,TVD,DIAGNOSTIC,
M2-COUNT-02,TripCount,D_MATCH_FULLDAY_V1,REF_TRAIN_CORE_STRICT_COUNT,TVD,0.040502976864400575,0.0,0.040502976864400575,TVD,DIAGNOSTIC,
M2-CHAIN-01,Chain,REF_FULLDAY_POOL_MOBILE,REF_TRAIN_CORE_STRICT_COUNT_MOBILE,TVD,0.044137979632196386,0.0,0.044137979632196386,TVD,DIAGNOSTIC,
M2-CHAIN-01,Chain,D_REPLAY_EXACT_V1,REF_TRAIN_CORE_STRICT_COUNT_MOBILE,TVD,0.03091526333465844,0.0,0.03091526333465844,TVD,DIAGNOSTIC,
M2-CHAIN-01,Chain,D_MATCH_FULLDAY_V1,REF_TRAIN_CORE_STRICT_COUNT_MOBILE,TVD,0.038771372831654174,0.0,0.038771372831654174,TVD,DIAGNOSTIC,
M2-PURP-01,Purpose,REF_FULLDAY_POOL_TRIPS,REF_TRAIN_DIRECT_PURPOSE,TVD,0.03493853828172989,0.0,0.03493853828172989,TVD,DIAGNOSTIC,
M2-PURP-01,Purpose,D_REPLAY_EXACT_V1,REF_TRAIN_DIRECT_PURPOSE,TVD,0.036361247308609936,0.0,0.036361247308609936,TVD,DIAGNOSTIC,
M2-PURP-01,Purpose,D_MATCH_FULLDAY_V1,REF_TRAIN_DIRECT_PURPOSE,TVD,0.03505924545870723,0.0,0.03505924545870723,TVD,DIAGNOSTIC,
M2-TIME-01,Timing,REF_FULLDAY_POOL_TRIPS,REF_TRAIN_DIRECT_TIME_VALID,TVD,0.019254515738405854,0.0,0.019254515738405854,TVD,DIAGNOSTIC,
M2-TIME-01,Timing,D_REPLAY_EXACT_V1,REF_TRAIN_DIRECT_TIME_VALID,TVD,0.03542119789786523,0.0,0.03542119789786523,TVD,DIAGNOSTIC,
M2-TIME-01,Timing,D_MATCH_FULLDAY_V1,REF_TRAIN_DIRECT_TIME_VALID,TVD,0.02752480397126721,0.0,0.02752480397126721,TVD,DIAGNOSTIC,
M2-RET-01,Chain,REF_FULLDAY_POOL_MOBILE,REF_TRAIN_FULL_FUNCTIONAL,return_home_share,0.8651183419053524,0.8599352938067653,0.005183048098587162,share,DIAGNOSTIC,Selection pool.
M2-RET-01,Chain,D_REPLAY_EXACT_V1,REF_TRAIN_FULL_FUNCTIONAL,return_home_share,0.8537305421363393,0.8599352938067653,-0.006204751670426001,share,DIAGNOSTIC,Complete replay mobile days only.
M2-RET-01,Chain,D_MATCH_FULLDAY_V1,REF_TRAIN_FULL_FUNCTIONAL,return_home_share,0.859877288986805,0.8599352938067653,-5.800481996021123e-05,share,DIAGNOSTIC,Matched mobile days only.
M2-TRANS-01,Sequence,REF_FULLDAY_POOL_TRIPS,REF_TRAIN_TRANSITION,TVD,0.0571335456499739,0.0,0.0571335456499739,TVD,DIAGNOSTIC,
M2-TRANS-01,Sequence,D_REPLAY_EXACT_V1,REF_TRAIN_TRANSITION,TVD,0.06674667594152071,0.0,0.06674667594152071,TVD,DIAGNOSTIC,
M2-TRANS-01,Sequence,D_MATCH_FULLDAY_V1,REF_TRAIN_TRANSITION,TVD,0.06344354281880134,0.0,0.06344354281880134,TVD,DIAGNOSTIC,
M2-DIST-01,Distance,REF_FULLDAY_POOL_TRIPS,REF_TRAIN_DISTANCE_RAW,mean,10.379542285741158,12.552110489692243,-2.1725682039510854,km,DIAGNOSTIC,
M2-DIST-01,Distance,REF_FULLDAY_POOL_TRIPS,REF_TRAIN_DISTANCE_RAW,p50,2.94,2.97,-0.03000000000000025,km,DIAGNOSTIC,
M2-DIST-01,Distance,REF_FULLDAY_POOL_TRIPS,REF_TRAIN_DISTANCE_RAW,p90,16.2,18.9,-2.6999999999999993,km,DIAGNOSTIC,
M2-DIST-01,Distance,REF_FULLDAY_POOL_TRIPS,REF_TRAIN_DISTANCE_RAW,p95,27.55,31.5,-3.9499999999999993,km,DIAGNOSTIC,
M2-DIST-01,Distance,REF_FULLDAY_POOL_TRIPS,REF_TRAIN_DISTANCE_RAW,Wasserstein,2.1889206242875865,0.0,2.1889206242875865,km,DIAGNOSTIC,
M2-DIST-01,Distance,D_REPLAY_EXACT_V1,REF_TRAIN_DISTANCE_RAW,mean,9.818673436492585,12.552110489692243,-2.7334370531996584,km,DIAGNOSTIC,
M2-DIST-01,Distance,D_REPLAY_EXACT_V1,REF_TRAIN_DISTANCE_RAW,p50,2.94,2.97,-0.03000000000000025,km,DIAGNOSTIC,
M2-DIST-01,Distance,D_REPLAY_EXACT_V1,REF_TRAIN_DISTANCE_RAW,p90,16.15,18.9,-2.75,km,DIAGNOSTIC,
M2-DIST-01,Distance,D_REPLAY_EXACT_V1,REF_TRAIN_DISTANCE_RAW,p95,24.3,31.5,-7.199999999999999,km,DIAGNOSTIC,
M2-DIST-01,Distance,D_REPLAY_EXACT_V1,REF_TRAIN_DISTANCE_RAW,Wasserstein,2.73343705222816,0.0,2.73343705222816,km,DIAGNOSTIC,
M2-DIST-01,Distance,D_MATCH_FULLDAY_V1,REF_TRAIN_DISTANCE_RAW,mean,10.546198967451653,12.552110489692243,-2.0059115222405897,km,DIAGNOSTIC,
M2-DIST-01,Distance,D_MATCH_FULLDAY_V1,REF_TRAIN_DISTANCE_RAW,p50,2.94,2.97,-0.03000000000000025,km,DIAGNOSTIC,
M2-DIST-01,Distance,D_MATCH_FULLDAY_V1,REF_TRAIN_DISTANCE_RAW,p90,17.1,18.9,-1.7999999999999972,km,DIAGNOSTIC,
M2-DIST-01,Distance,D_MATCH_FULLDAY_V1,REF_TRAIN_DISTANCE_RAW,p95,27.55,31.5,-3.9499999999999993,km,DIAGNOSTIC,
M2-DIST-01,Distance,D_MATCH_FULLDAY_V1,REF_TRAIN_DISTANCE_RAW,Wasserstein,2.013578954101594,0.0,2.013578954101594,km,DIAGNOSTIC,
M2-DIST-02,Distance,REF_FULLDAY_POOL_TRIPS,REF_TRAIN_DISTANCE_EXPANDED,mean,10.546086568852528,12.704339495990267,-2.158252927137738,km,SENSITIVITY,
M2-DIST-02,Distance,REF_FULLDAY_POOL_TRIPS,REF_TRAIN_DISTANCE_EXPANDED,p50,2.94,3.43,-0.4900000000000002,km,SENSITIVITY,
M2-DIST-02,Distance,REF_FULLDAY_POOL_TRIPS,REF_TRAIN_DISTANCE_EXPANDED,p90,17.96,19.47,-1.509999999999998,km,SENSITIVITY,
M2-DIST-02,Distance,REF_FULLDAY_POOL_TRIPS,REF_TRAIN_DISTANCE_EXPANDED,p95,28.5,34.12,-5.619999999999997,km,SENSITIVITY,
M2-DIST-02,Distance,REF_FULLDAY_POOL_TRIPS,REF_TRAIN_DISTANCE_EXPANDED,Wasserstein,2.1797135426174696,0.0,2.1797135426174696,km,SENSITIVITY,
M2-DIST-02,Distance,D_REPLAY_EXACT_V1,REF_TRAIN_DISTANCE_EXPANDED,mean,10.026674020477536,12.704339495990267,-2.6776654755127307,km,SENSITIVITY,
M2-DIST-02,Distance,D_REPLAY_EXACT_V1,REF_TRAIN_DISTANCE_EXPANDED,p50,2.94,3.43,-0.4900000000000002,km,SENSITIVITY,
M2-DIST-02,Distance,D_REPLAY_EXACT_V1,REF_TRAIN_DISTANCE_EXPANDED,p90,17.1,19.47,-2.3699999999999974,km,SENSITIVITY,
M2-DIST-02,Distance,D_REPLAY_EXACT_V1,REF_TRAIN_DISTANCE_EXPANDED,p95,27.0,34.12,-7.119999999999997,km,SENSITIVITY,
M2-DIST-02,Distance,D_REPLAY_EXACT_V1,REF_TRAIN_DISTANCE_EXPANDED,Wasserstein,2.678697092918776,0.0,2.678697092918776,km,SENSITIVITY,
M2-DIST-02,Distance,D_MATCH_FULLDAY_V1,REF_TRAIN_DISTANCE_EXPANDED,mean,10.81739718978553,12.704339495990267,-1.8869423062047375,km,SENSITIVITY,
M2-DIST-02,Distance,D_MATCH_FULLDAY_V1,REF_TRAIN_DISTANCE_EXPANDED,p50,2.97,3.43,-0.45999999999999996,km,SENSITIVITY,
M2-DIST-02,Distance,D_MATCH_FULLDAY_V1,REF_TRAIN_DISTANCE_EXPANDED,p90,18.05,19.47,-1.4199999999999982,km,SENSITIVITY,
M2-DIST-02,Distance,D_MATCH_FULLDAY_V1,REF_TRAIN_DISTANCE_EXPANDED,p95,30.28,34.12,-3.8399999999999963,km,SENSITIVITY,
M2-DIST-02,Distance,D_MATCH_FULLDAY_V1,REF_TRAIN_DISTANCE_EXPANDED,Wasserstein,1.8992577726146642,0.0,1.8992577726146642,km,SENSITIVITY,
M2-DIAG-DONOR-01,Matching,D_MATCH_FULLDAY_V1,FULLDAY_DIARY_POOL,unique_diary_donors_used,1637.0,1658.0,-21.0,donors,REPORT_ONLY,Repeated matching does not create new empirical diary diversity.
M2-DIAG-DONOR-02,Matching,D_MATCH_FULLDAY_V1,FULLDAY_DIARY_POOL,effective_donor_count_inverse_simpson,1101.5343712871406,1658.0,-556.4656287128594,effective donors,REPORT_ONLY,Concentration measure under 100k assignments.
M2-DIAG-DONOR-03,Matching,D_MATCH_FULLDAY_V1,FULLDAY_DIARY_POOL,top10_donor_assignment_share,0.02721,,,share,REPORT_ONLY,Concentration of matched assignments.
