metric_id,group_dimension,group_value,variant,source_n,synthetic_n,reference_value,value,delta,unit,support_status
M2-COND-01,age_infr_class,01_LT3,D_REPLAY_EXACT_V1,55,2831,0.9291977146219227,0.8629459554927588,-0.06625175912916392,share,OK
M2-COND-01,age_infr_class,01_LT3,D_MATCH_FULLDAY_V1,55,3795,0.9291977146219227,0.9594202898550724,0.03022257523314975,share,OK
M2-COND-01,age_infr_class,02_3_5,D_REPLAY_EXACT_V1,43,1998,0.9503825986840354,0.9059059059059059,-0.04447669277812949,share,OK
M2-COND-01,age_infr_class,02_3_5,D_MATCH_FULLDAY_V1,43,2934,0.9503825986840354,0.9587593728698023,0.008376774185766878,share,OK
M2-COND-01,age_infr_class,03_6_9,D_REPLAY_EXACT_V1,60,2389,0.990147717539483,0.991628296358309,0.0014805788188259061,share,OK
M2-COND-01,age_infr_class,03_6_9,D_MATCH_FULLDAY_V1,60,3119,0.990147717539483,0.9881372234690606,-0.0020104940704224195,share,OK
M2-COND-01,age_infr_class,04_10_15,D_REPLAY_EXACT_V1,76,3161,0.8393252495436381,0.8494147421701993,0.010089492626561225,share,OK
M2-COND-01,age_infr_class,04_10_15,D_MATCH_FULLDAY_V1,76,4064,0.8393252495436381,0.7662401574803149,-0.07308509206332314,share,OK
M2-COND-01,age_infr_class,05_16_18,D_REPLAY_EXACT_V1,46,1089,0.8859312318779302,0.8999081726354453,0.0139769407575151,share,OK
M2-COND-01,age_infr_class,05_16_18,D_MATCH_FULLDAY_V1,46,1421,0.8859312318779302,0.8205489092188599,-0.06538232265907029,share,OK
M2-COND-01,age_infr_class,06_19_24,D_REPLAY_EXACT_V1,90,3370,0.8434807237334498,0.8925816023738873,0.04910087864043744,share,OK
M2-COND-01,age_infr_class,06_19_24,D_MATCH_FULLDAY_V1,90,4188,0.8434807237334498,0.8206781279847183,-0.022802595748731558,share,OK
M2-COND-01,age_infr_class,07_25_39,D_REPLAY_EXACT_V1,419,20831,0.92383937441354,0.9142623973885076,-0.009576977025032463,share,OK
M2-COND-01,age_infr_class,07_25_39,D_MATCH_FULLDAY_V1,419,24088,0.92383937441354,0.8493025572899369,-0.07453681712360316,share,OK
M2-COND-01,age_infr_class,08_40_59,D_REPLAY_EXACT_V1,647,24535,0.8763113023589818,0.9026288974933768,0.026317595134395022,share,OK
M2-COND-01,age_infr_class,08_40_59,D_MATCH_FULLDAY_V1,647,27112,0.8763113023589818,0.8692829743287105,-0.007028328030271314,share,OK
M2-COND-01,age_infr_class,09_60_66,D_REPLAY_EXACT_V1,232,8248,0.8646567939258765,0.8762124151309408,0.01155562120506437,share,OK
M2-COND-01,age_infr_class,09_60_66,D_MATCH_FULLDAY_V1,232,8920,0.8646567939258765,0.7894618834080718,-0.07519491051780469,share,OK
M2-COND-01,age_infr_class,10_67_74,D_REPLAY_EXACT_V1,263,9643,0.9148525056111597,0.9148605205848802,8.014973720493757e-06,share,OK
M2-COND-01,age_infr_class,10_67_74,D_MATCH_FULLDAY_V1,263,10069,0.9148525056111597,0.904757175489125,-0.010095330122034674,share,OK
M2-COND-01,age_infr_class,11_75_PLUS,D_REPLAY_EXACT_V1,223,9496,0.717766199720355,0.7353622577927549,0.017596058072399834,share,OK
M2-COND-01,age_infr_class,11_75_PLUS,D_MATCH_FULLDAY_V1,223,10290,0.717766199720355,0.6797862001943634,-0.037979999525991626,share,OK
M2-COND-02,age_infr_class,01_LT3,D_REPLAY_EXACT_V1,54,2793,3.0702180849558487,2.8524883637665592,-0.21772972118928946,trips/person-day,OK
M2-COND-02,age_infr_class,01_LT3,D_MATCH_FULLDAY_V1,54,3795,3.0702180849558487,3.225296442687747,0.15507835773189838,trips/person-day,OK
M2-COND-02,age_infr_class,02_3_5,D_REPLAY_EXACT_V1,43,1998,2.9641934572631583,2.764264264264264,-0.19992919299889422,trips/person-day,OK
M2-COND-02,age_infr_class,02_3_5,D_MATCH_FULLDAY_V1,43,2934,2.9641934572631583,2.967280163599182,0.0030867063360235925,trips/person-day,OK
M2-COND-02,age_infr_class,03_6_9,D_REPLAY_EXACT_V1,59,2370,3.05864033034794,3.0869198312236286,0.028279500875688424,trips/person-day,OK
M2-COND-02,age_infr_class,03_6_9,D_MATCH_FULLDAY_V1,59,3119,3.05864033034794,3.0153895479320294,-0.04325078241591074,trips/person-day,OK
M2-COND-02,age_infr_class,04_10_15,D_REPLAY_EXACT_V1,76,3161,2.499397423186693,2.6121480544131606,0.11275063122646767,trips/person-day,OK
M2-COND-02,age_infr_class,04_10_15,D_MATCH_FULLDAY_V1,76,4064,2.499397423186693,2.3252952755905514,-0.1741021475961415,trips/person-day,OK
M2-COND-02,age_infr_class,05_16_18,D_REPLAY_EXACT_V1,45,1033,2.396613090479211,2.5972894482090996,0.20067635772988845,trips/person-day,OK
M2-COND-02,age_infr_class,05_16_18,D_MATCH_FULLDAY_V1,45,1421,2.396613090479211,2.2125263898662912,-0.18408670061291987,trips/person-day,OK
M2-COND-02,age_infr_class,06_19_24,D_REPLAY_EXACT_V1,87,3157,2.773278431611866,3.3082039911308203,0.5349255595189542,trips/person-day,OK
M2-COND-02,age_infr_class,06_19_24,D_MATCH_FULLDAY_V1,87,4188,2.773278431611866,3.0405921680993315,0.26731373648746537,trips/person-day,OK
M2-COND-02,age_infr_class,07_25_39,D_REPLAY_EXACT_V1,390,19391,3.5194521653679227,3.4598525088958794,-0.05959965647204335,trips/person-day,OK
M2-COND-02,age_infr_class,07_25_39,D_MATCH_FULLDAY_V1,390,24088,3.5194521653679227,3.0607356360013283,-0.45871652936659446,trips/person-day,OK
M2-COND-02,age_infr_class,08_40_59,D_REPLAY_EXACT_V1,613,23049,3.5087763245254484,3.652522886025424,0.14374656149997556,trips/person-day,OK
M2-COND-02,age_infr_class,08_40_59,D_MATCH_FULLDAY_V1,613,27112,3.5087763245254484,3.1005458837415167,-0.40823044078393167,trips/person-day,OK
M2-COND-02,age_infr_class,09_60_66,D_REPLAY_EXACT_V1,222,7662,3.5412989898300404,3.736100234925607,0.1948012450955665,trips/person-day,OK
M2-COND-02,age_infr_class,09_60_66,D_MATCH_FULLDAY_V1,222,8920,3.5412989898300404,2.814013452914798,-0.7272855369152422,trips/person-day,OK
M2-COND-02,age_infr_class,10_67_74,D_REPLAY_EXACT_V1,251,9291,3.145813893107723,3.026046711871704,-0.11976718123601904,trips/person-day,OK
M2-COND-02,age_infr_class,10_67_74,D_MATCH_FULLDAY_V1,251,10069,3.145813893107723,3.0758764524779023,-0.06993744062982055,trips/person-day,OK
M2-COND-02,age_infr_class,11_75_PLUS,D_REPLAY_EXACT_V1,212,8968,2.1302395026016567,2.2421944692239073,0.11195496662225057,trips/person-day,OK
M2-COND-02,age_infr_class,11_75_PLUS,D_MATCH_FULLDAY_V1,212,10290,2.1302395026016567,2.13488824101069,0.004648738409033459,trips/person-day,OK
M2-COND-01,sex,FEMALE,D_REPLAY_EXACT_V1,1091,46029,0.859375175457037,0.8800538790762346,0.020678703619197547,share,OK
M2-COND-01,sex,FEMALE,D_MATCH_FULLDAY_V1,1091,52475,0.859375175457037,0.8389137684611719,-0.020461406995865072,share,OK
M2-COND-01,sex,MALE,D_REPLAY_EXACT_V1,1063,41562,0.8999911236491703,0.8904768779173283,-0.009514245731842008,share,OK
M2-COND-01,sex,MALE,D_MATCH_FULLDAY_V1,1063,47525,0.8999911236491703,0.850163072067333,-0.04982805158183734,share,OK
M2-COND-02,sex,FEMALE,D_REPLAY_EXACT_V1,1039,43600,3.0760698195027616,3.239678899082569,0.1636090795798073,trips/person-day,OK
M2-COND-02,sex,FEMALE,D_MATCH_FULLDAY_V1,1039,52475,3.0760698195027616,2.881581705574083,-0.1944881139286787,trips/person-day,OK
M2-COND-02,sex,MALE,D_REPLAY_EXACT_V1,1013,39273,3.309650721015384,3.286379955694752,-0.02327076532063188,trips/person-day,OK
M2-COND-02,sex,MALE,D_MATCH_FULLDAY_V1,1013,47525,3.309650721015384,2.9520673329826406,-0.35758338803274325,trips/person-day,OK
M2-COND-01,primary_activity_status,APPRENTICE,D_REPLAY_EXACT_V1,29,1073,0.7899569173907957,0.8630009319664492,0.07304401457565357,share,LOW_N
M2-COND-01,primary_activity_status,APPRENTICE,D_MATCH_FULLDAY_V1,29,1353,0.7899569173907957,0.7339246119733924,-0.05603230541740323,share,LOW_N
M2-COND-01,primary_activity_status,CHILDCARE_INSTITUTION,D_REPLAY_EXACT_V1,71,3297,0.9869843879401137,0.9945404913557779,0.0075561034156642615,share,OK
M2-COND-01,primary_activity_status,CHILDCARE_INSTITUTION,D_MATCH_FULLDAY_V1,71,5042,0.9869843879401137,0.9769932566441888,-0.009991131295924882,share,OK
M2-COND-01,primary_activity_status,CHILD_HOMECARE,D_REPLAY_EXACT_V1,26,1507,0.8039178483541455,0.6297279362972794,-0.17418991205686607,share,LOW_N
M2-COND-01,primary_activity_status,CHILD_HOMECARE,D_MATCH_FULLDAY_V1,26,1835,0.8039178483541455,0.911716621253406,0.10779877289926054,share,LOW_N
M2-COND-01,primary_activity_status,EMPLOYED_FULL_TIME,D_REPLAY_EXACT_V1,786,32509,0.9171775996389842,0.9192531299024885,0.002075530263504377,share,OK
M2-COND-01,primary_activity_status,EMPLOYED_FULL_TIME,D_MATCH_FULLDAY_V1,786,36540,0.9171775996389842,0.867159277504105,-0.05001832213487911,share,OK
M2-COND-01,primary_activity_status,EMPLOYED_MARGINAL,D_REPLAY_EXACT_V1,24,814,0.8352085958431456,0.8439803439803439,0.008771748137198387,share,LOW_N
M2-COND-01,primary_activity_status,EMPLOYED_MARGINAL,D_MATCH_FULLDAY_V1,24,853,0.8352085958431456,0.8077373974208675,-0.027471198422278076,share,LOW_N
M2-COND-01,primary_activity_status,EMPLOYED_PART_TIME,D_REPLAY_EXACT_V1,234,10486,0.9102589015342074,0.9053976730879267,-0.004861228446280674,share,OK
M2-COND-01,primary_activity_status,EMPLOYED_PART_TIME,D_MATCH_FULLDAY_V1,234,11411,0.9102589015342074,0.8462886688283235,-0.06397023270588387,share,OK
M2-COND-01,primary_activity_status,EMPLOYED_SECONDARY_OR_INTERNSHIP,D_REPLAY_EXACT_V1,13,290,0.9337793425079239,0.9206896551724137,-0.013089687335510192,share,LOW_N
M2-COND-01,primary_activity_status,EMPLOYED_SECONDARY_OR_INTERNSHIP,D_MATCH_FULLDAY_V1,13,311,0.9337793425079239,0.8167202572347267,-0.1170590852731972,share,LOW_N
M2-COND-01,primary_activity_status,HOMEMAKER,D_REPLAY_EXACT_V1,31,1029,0.8172606107641395,0.8882410106899903,0.07098039992585081,share,OK
M2-COND-01,primary_activity_status,HOMEMAKER,D_MATCH_FULLDAY_V1,31,1393,0.8172606107641395,0.8837042354630295,0.06644362469888998,share,OK
M2-COND-01,primary_activity_status,NOT_EMPLOYED_UNSPECIFIED,D_REPLAY_EXACT_V1,20,840,0.775569937834527,0.8023809523809524,0.026811014546425427,share,LOW_N
M2-COND-01,primary_activity_status,NOT_EMPLOYED_UNSPECIFIED,D_MATCH_FULLDAY_V1,20,840,0.775569937834527,0.8023809523809524,0.026811014546425427,share,LOW_N
M2-COND-01,primary_activity_status,OTHER_ACTIVITY,D_REPLAY_EXACT_V1,31,1344,0.7629026123488412,0.7477678571428571,-0.015134755205984063,share,OK
M2-COND-01,primary_activity_status,OTHER_ACTIVITY,D_MATCH_FULLDAY_V1,31,1375,0.7629026123488412,0.6036363636363636,-0.15926624871247752,share,OK
M2-COND-01,primary_activity_status,RETIRED,D_REPLAY_EXACT_V1,593,22750,0.8086327777983378,0.8315604395604396,0.022927661762101814,share,OK
M2-COND-01,primary_activity_status,RETIRED,D_MATCH_FULLDAY_V1,593,24199,0.8086327777983378,0.7933798917310633,-0.015252886067274485,share,OK
M2-COND-01,primary_activity_status,SCHOOL,D_REPLAY_EXACT_V1,179,6492,0.903256459148184,0.90788662969809,0.004630170549905999,share,OK
M2-COND-01,primary_activity_status,SCHOOL,D_MATCH_FULLDAY_V1,179,8171,0.903256459148184,0.8585240484640803,-0.04473241068410372,share,OK
M2-COND-01,primary_activity_status,STUDENT,D_REPLAY_EXACT_V1,81,3167,0.8980662132937545,0.8863277549731607,-0.011738458320593725,share,OK
M2-COND-01,primary_activity_status,STUDENT,D_MATCH_FULLDAY_V1,81,4483,0.8980662132937545,0.857461521302699,-0.04060469199105543,share,OK
M2-COND-01,primary_activity_status,UNEMPLOYED,D_REPLAY_EXACT_V1,34,1903,0.8513723929260255,0.9090909090909091,0.05771851616488355,share,OK
M2-COND-01,primary_activity_status,UNEMPLOYED,D_MATCH_FULLDAY_V1,34,2004,0.8513723929260255,0.7969061876247505,-0.054466205301274995,share,OK
M2-COND-01,primary_activity_status,UNKNOWN,D_REPLAY_EXACT_V1,2,90,1.0,1.0,0.0,share,LOW_N
M2-COND-01,primary_activity_status,UNKNOWN,D_MATCH_FULLDAY_V1,2,157,1.0,0.8280254777070064,-0.1719745222929936,share,LOW_N
M2-COND-02,primary_activity_status,APPRENTICE,D_REPLAY_EXACT_V1,28,1042,2.733265083676449,3.2351247600767756,0.5018596764003265,trips/person-day,LOW_N
M2-COND-02,primary_activity_status,APPRENTICE,D_MATCH_FULLDAY_V1,28,1353,2.733265083676449,2.4693274205469327,-0.2639376631295165,trips/person-day,LOW_N
M2-COND-02,primary_activity_status,CHILDCARE_INSTITUTION,D_REPLAY_EXACT_V1,70,3259,3.1031386508645227,3.099416999079472,-0.0037216517850504616,trips/person-day,OK
M2-COND-02,primary_activity_status,CHILDCARE_INSTITUTION,D_MATCH_FULLDAY_V1,70,5042,3.1031386508645227,2.918881396271321,-0.18425725459320175,trips/person-day,OK
M2-COND-02,primary_activity_status,CHILD_HOMECARE,D_REPLAY_EXACT_V1,26,1507,2.80004910870981,2.19907100199071,-0.6009781067191002,trips/person-day,LOW_N
M2-COND-02,primary_activity_status,CHILD_HOMECARE,D_MATCH_FULLDAY_V1,26,1835,2.80004910870981,3.653405994550409,0.8533568858405989,trips/person-day,LOW_N
M2-COND-02,primary_activity_status,EMPLOYED_FULL_TIME,D_REPLAY_EXACT_V1,742,30307,3.782375341602614,3.728247599564457,-0.054127742038156956,trips/person-day,OK
M2-COND-02,primary_activity_status,EMPLOYED_FULL_TIME,D_MATCH_FULLDAY_V1,742,36540,3.782375341602614,3.105008210180624,-0.67736713142199,trips/person-day,OK
M2-COND-02,primary_activity_status,EMPLOYED_MARGINAL,D_REPLAY_EXACT_V1,21,655,2.6847264484894793,2.500763358778626,-0.1839630897108533,trips/person-day,LOW_N
M2-COND-02,primary_activity_status,EMPLOYED_MARGINAL,D_MATCH_FULLDAY_V1,21,853,2.6847264484894793,3.12778429073857,0.4430578422490905,trips/person-day,LOW_N
M2-COND-02,primary_activity_status,EMPLOYED_PART_TIME,D_REPLAY_EXACT_V1,217,9703,3.796020298883198,3.827888281974647,0.03186798309144878,trips/person-day,OK
M2-COND-02,primary_activity_status,EMPLOYED_PART_TIME,D_MATCH_FULLDAY_V1,217,11411,3.796020298883198,3.136710191920077,-0.6593101069631211,trips/person-day,OK
M2-COND-02,primary_activity_status,EMPLOYED_SECONDARY_OR_INTERNSHIP,D_REPLAY_EXACT_V1,13,290,2.270508044140714,2.410344827586207,0.13983678344549277,trips/person-day,LOW_N
M2-COND-02,primary_activity_status,EMPLOYED_SECONDARY_OR_INTERNSHIP,D_MATCH_FULLDAY_V1,13,311,2.270508044140714,2.7234726688102895,0.4529646246695753,trips/person-day,LOW_N
M2-COND-02,primary_activity_status,HOMEMAKER,D_REPLAY_EXACT_V1,29,987,2.8418957460916436,3.146909827760892,0.30501408166924815,trips/person-day,LOW_N
M2-COND-02,primary_activity_status,HOMEMAKER,D_MATCH_FULLDAY_V1,29,1393,2.8418957460916436,3.1521895190236897,0.3102937729320461,trips/person-day,LOW_N
M2-COND-02,primary_activity_status,NOT_EMPLOYED_UNSPECIFIED,D_REPLAY_EXACT_V1,16,572,2.7238191315694693,2.4912587412587412,-0.23256039031072806,trips/person-day,LOW_N
M2-COND-02,primary_activity_status,NOT_EMPLOYED_UNSPECIFIED,D_MATCH_FULLDAY_V1,16,840,2.7238191315694693,2.7333333333333334,0.009514201763864083,trips/person-day,LOW_N
M2-COND-02,primary_activity_status,OTHER_ACTIVITY,D_REPLAY_EXACT_V1,28,1207,2.713351470760619,2.951118475559238,0.23776700479861868,trips/person-day,LOW_N
M2-COND-02,primary_activity_status,OTHER_ACTIVITY,D_MATCH_FULLDAY_V1,28,1375,2.713351470760619,2.2305454545454544,-0.48280601621516483,trips/person-day,LOW_N
M2-COND-02,primary_activity_status,RETIRED,D_REPLAY_EXACT_V1,570,21818,2.639509094898537,2.7150976258135486,0.07558853091501172,trips/person-day,OK
M2-COND-02,primary_activity_status,RETIRED,D_MATCH_FULLDAY_V1,570,24199,2.639509094898537,2.6338278441257903,-0.0056812507727466155,trips/person-day,OK
M2-COND-02,primary_activity_status,SCHOOL,D_REPLAY_EXACT_V1,178,6473,2.7020499255123918,2.7951490807971573,0.09309915528476553,trips/person-day,OK
M2-COND-02,primary_activity_status,SCHOOL,D_MATCH_FULLDAY_V1,178,8171,2.7020499255123918,2.573246848610941,-0.12880307690145054,trips/person-day,OK
M2-COND-02,primary_activity_status,STUDENT,D_REPLAY_EXACT_V1,80,3138,3.181450584640059,3.2651370299553855,0.08368644531532654,trips/person-day,OK
M2-COND-02,primary_activity_status,STUDENT,D_MATCH_FULLDAY_V1,80,4483,3.181450584640059,3.0388132946687487,-0.1426372899713102,trips/person-day,OK
M2-COND-02,primary_activity_status,UNEMPLOYED,D_REPLAY_EXACT_V1,32,1825,2.618646939664388,2.8268493150684932,0.20820237540410513,trips/person-day,OK
M2-COND-02,primary_activity_status,UNEMPLOYED,D_MATCH_FULLDAY_V1,32,2004,2.618646939664388,2.632235528942116,0.01358858927772788,trips/person-day,OK
M2-COND-02,primary_activity_status,UNKNOWN,D_REPLAY_EXACT_V1,2,90,2.889134544264047,2.5555555555555554,-0.3335789887084917,trips/person-day,LOW_N
M2-COND-02,primary_activity_status,UNKNOWN,D_MATCH_FULLDAY_V1,2,157,2.889134544264047,2.9235668789808917,0.034432334716844704,trips/person-day,LOW_N
M2-COND-01,household_size_class,1,D_REPLAY_EXACT_V1,402,28495,0.8380008519167945,0.8741182663625198,0.03611741444572525,share,OK
M2-COND-01,household_size_class,1,D_MATCH_FULLDAY_V1,402,29225,0.8380008519167945,0.813857998289136,-0.024142853627658556,share,OK
M2-COND-01,household_size_class,2,D_REPLAY_EXACT_V1,921,28825,0.8755686612249808,0.8758022549869905,0.0002335937620097095,share,OK
M2-COND-01,household_size_class,2,D_MATCH_FULLDAY_V1,921,33260,0.8755686612249808,0.8366806975345761,-0.0388879636904047,share,OK
M2-COND-01,household_size_class,3,D_REPLAY_EXACT_V1,356,14228,0.9133401201843253,0.9174163621028957,0.004076241918570367,share,OK
M2-COND-01,household_size_class,3,D_MATCH_FULLDAY_V1,356,17169,0.9133401201843253,0.8670860271419418,-0.04625409304238348,share,OK
M2-COND-01,household_size_class,4,D_REPLAY_EXACT_V1,376,11221,0.9357162935656282,0.9361019516977096,0.0003856581320813568,share,OK
M2-COND-01,household_size_class,4,D_MATCH_FULLDAY_V1,376,14356,0.9357162935656282,0.9089579269991641,-0.02675836656646413,share,OK
M2-COND-01,household_size_class,5,D_REPLAY_EXACT_V1,99,4822,0.7983163114848656,0.7897138116963915,-0.00860249978847405,share,OK
M2-COND-01,household_size_class,5,D_MATCH_FULLDAY_V1,99,5990,0.7983163114848656,0.8141903171953255,0.015874005710459937,share,OK
M2-COND-02,household_size_class,1,D_REPLAY_EXACT_V1,380,26639,3.1967880012000647,3.3965614324862043,0.19977343128613967,trips/person-day,OK
M2-COND-02,household_size_class,1,D_MATCH_FULLDAY_V1,380,29225,3.1967880012000647,2.9209580838323355,-0.2758299173677292,trips/person-day,OK
M2-COND-02,household_size_class,2,D_REPLAY_EXACT_V1,878,27484,3.0485288391931893,3.0827390481734827,0.034210208980293366,trips/person-day,OK
M2-COND-02,household_size_class,2,D_MATCH_FULLDAY_V1,878,33260,3.0485288391931893,2.7518340348767287,-0.29669480431646056,trips/person-day,OK
M2-COND-02,household_size_class,3,D_REPLAY_EXACT_V1,340,13556,3.324767981951018,3.390823251696666,0.06605526974564802,trips/person-day,OK
M2-COND-02,household_size_class,3,D_MATCH_FULLDAY_V1,340,17169,3.324767981951018,3.0404799347661484,-0.28428804718486944,trips/person-day,OK
M2-COND-02,household_size_class,4,D_REPLAY_EXACT_V1,357,10574,3.642595367778496,3.5812369964062793,-0.06135837137221678,trips/person-day,OK
M2-COND-02,household_size_class,4,D_MATCH_FULLDAY_V1,357,14356,3.642595367778496,3.367093898021733,-0.27550146975676304,trips/person-day,OK
M2-COND-02,household_size_class,5,D_REPLAY_EXACT_V1,97,4620,2.17886843971625,2.4404761904761907,0.2616077507599406,trips/person-day,OK
M2-COND-02,household_size_class,5,D_MATCH_FULLDAY_V1,97,5990,2.17886843971625,2.35008347245409,0.1712150327378401,trips/person-day,OK
