metric_id,dimension,dataset,category,share
M2-COUNT-02,trip_count,REF_TRAIN_CORE_STRICT_COUNT,0,0.12845690654093578
M2-COUNT-02,trip_count,REF_TRAIN_CORE_STRICT_COUNT,1,0.0474746254211093
M2-COUNT-02,trip_count,REF_TRAIN_CORE_STRICT_COUNT,10,0.0055054227110174015
M2-COUNT-02,trip_count,REF_TRAIN_CORE_STRICT_COUNT,11,0.0013139105577939336
M2-COUNT-02,trip_count,REF_TRAIN_CORE_STRICT_COUNT,12_PLUS,0.01120487384799226
M2-COUNT-02,trip_count,REF_TRAIN_CORE_STRICT_COUNT,2,0.3065328618426596
M2-COUNT-02,trip_count,REF_TRAIN_CORE_STRICT_COUNT,3,0.12579723765480041
M2-COUNT-02,trip_count,REF_TRAIN_CORE_STRICT_COUNT,4,0.17630565398585082
M2-COUNT-02,trip_count,REF_TRAIN_CORE_STRICT_COUNT,5,0.08878960944567005
M2-COUNT-02,trip_count,REF_TRAIN_CORE_STRICT_COUNT,6,0.0599664284310435
M2-COUNT-02,trip_count,REF_TRAIN_CORE_STRICT_COUNT,7,0.0282276155083424
M2-COUNT-02,trip_count,REF_TRAIN_CORE_STRICT_COUNT,8,0.01655565290220873
M2-COUNT-02,trip_count,REF_TRAIN_CORE_STRICT_COUNT,9,0.0038692011505758943
M2-COUNT-02,trip_count,REF_FULLDAY_POOL,0,0.1611922781403572
M2-COUNT-02,trip_count,REF_FULLDAY_POOL,1,0.03266082245143134
M2-COUNT-02,trip_count,REF_FULLDAY_POOL,10,0.0022578306243129518
M2-COUNT-02,trip_count,REF_FULLDAY_POOL,11,0.0004819225190166661
M2-COUNT-02,trip_count,REF_FULLDAY_POOL,2,0.31511314716671873
M2-COUNT-02,trip_count,REF_FULLDAY_POOL,3,0.11995314519990984
M2-COUNT-02,trip_count,REF_FULLDAY_POOL,4,0.18214072668580933
M2-COUNT-02,trip_count,REF_FULLDAY_POOL,5,0.08992703747060846
M2-COUNT-02,trip_count,REF_FULLDAY_POOL,6,0.052800715569779014
M2-COUNT-02,trip_count,REF_FULLDAY_POOL,7,0.026508844976231558
M2-COUNT-02,trip_count,REF_FULLDAY_POOL,8,0.014808948326074597
M2-COUNT-02,trip_count,REF_FULLDAY_POOL,9,0.002154580869750358
M2-COUNT-02,trip_count,D_REPLAY_EXACT_V1,0,0.12154742799222908
M2-COUNT-02,trip_count,D_REPLAY_EXACT_V1,1,0.052610621070795074
M2-COUNT-02,trip_count,D_REPLAY_EXACT_V1,10,0.006793527445609547
M2-COUNT-02,trip_count,D_REPLAY_EXACT_V1,11,0.0018703317123791826
M2-COUNT-02,trip_count,D_REPLAY_EXACT_V1,12_PLUS,0.009991191340967504
M2-COUNT-02,trip_count,D_REPLAY_EXACT_V1,2,0.2851954194973031
M2-COUNT-02,trip_count,D_REPLAY_EXACT_V1,3,0.12924595465350597
M2-COUNT-02,trip_count,D_REPLAY_EXACT_V1,4,0.18396824056085817
M2-COUNT-02,trip_count,D_REPLAY_EXACT_V1,5,0.09226165337323375
M2-COUNT-02,trip_count,D_REPLAY_EXACT_V1,6,0.058354349426230495
M2-COUNT-02,trip_count,D_REPLAY_EXACT_V1,7,0.03306263801238039
M2-COUNT-02,trip_count,D_REPLAY_EXACT_V1,8,0.018522317280658358
M2-COUNT-02,trip_count,D_REPLAY_EXACT_V1,9,0.006576327633849384
M2-COUNT-02,trip_count,D_MATCH_FULLDAY_V1,0,0.15574
M2-COUNT-02,trip_count,D_MATCH_FULLDAY_V1,1,0.03421
M2-COUNT-02,trip_count,D_MATCH_FULLDAY_V1,10,0.00222
M2-COUNT-02,trip_count,D_MATCH_FULLDAY_V1,11,0.00044
M2-COUNT-02,trip_count,D_MATCH_FULLDAY_V1,2,0.30333
M2-COUNT-02,trip_count,D_MATCH_FULLDAY_V1,3,0.12827
M2-COUNT-02,trip_count,D_MATCH_FULLDAY_V1,4,0.18445
M2-COUNT-02,trip_count,D_MATCH_FULLDAY_V1,5,0.08896
M2-COUNT-02,trip_count,D_MATCH_FULLDAY_V1,6,0.05594
M2-COUNT-02,trip_count,D_MATCH_FULLDAY_V1,7,0.03066
M2-COUNT-02,trip_count,D_MATCH_FULLDAY_V1,8,0.01252
M2-COUNT-02,trip_count,D_MATCH_FULLDAY_V1,9,0.00326
M2-CHAIN-01,mobile_chain_length,REF_TRAIN_CORE_STRICT_COUNT_MOBILE,1,0.05447191972193529
M2-CHAIN-01,mobile_chain_length,REF_TRAIN_CORE_STRICT_COUNT_MOBILE,10,0.006316868038236581
M2-CHAIN-01,mobile_chain_length,REF_TRAIN_CORE_STRICT_COUNT_MOBILE,11,0.001507568091187733
M2-CHAIN-01,mobile_chain_length,REF_TRAIN_CORE_STRICT_COUNT_MOBILE,12_PLUS,0.012856362389978074
M2-CHAIN-01,mobile_chain_length,REF_TRAIN_CORE_STRICT_COUNT_MOBILE,2,0.35171280013941986
M2-CHAIN-01,mobile_chain_length,REF_TRAIN_CORE_STRICT_COUNT_MOBILE,3,0.1443385170497126
M2-CHAIN-01,mobile_chain_length,REF_TRAIN_CORE_STRICT_COUNT_MOBILE,4,0.20229137871555145
M2-CHAIN-01,mobile_chain_length,REF_TRAIN_CORE_STRICT_COUNT_MOBILE,5,0.10187632730043591
M2-CHAIN-01,mobile_chain_length,REF_TRAIN_CORE_STRICT_COUNT_MOBILE,6,0.06880489201405171
M2-CHAIN-01,mobile_chain_length,REF_TRAIN_CORE_STRICT_COUNT_MOBILE,7,0.03238808926396274
M2-CHAIN-01,mobile_chain_length,REF_TRAIN_CORE_STRICT_COUNT_MOBILE,8,0.018995793812674314
M2-CHAIN-01,mobile_chain_length,REF_TRAIN_CORE_STRICT_COUNT_MOBILE,9,0.004439483462853724
M2-CHAIN-01,mobile_chain_length,REF_FULLDAY_POOL_MOBILE,1,0.03893719812094966
M2-CHAIN-01,mobile_chain_length,REF_FULLDAY_POOL_MOBILE,10,0.002691714162224598
M2-CHAIN-01,mobile_chain_length,REF_FULLDAY_POOL_MOBILE,11,0.0005745327641336448
M2-CHAIN-01,mobile_chain_length,REF_FULLDAY_POOL_MOBILE,2,0.37566791405795674
M2-CHAIN-01,mobile_chain_length,REF_FULLDAY_POOL_MOBILE,3,0.14300434065386625
M2-CHAIN-01,mobile_chain_length,REF_FULLDAY_POOL_MOBILE,4,0.21714240574943927
M2-CHAIN-01,mobile_chain_length,REF_FULLDAY_POOL_MOBILE,5,0.10720816598020769
M2-CHAIN-01,mobile_chain_length,REF_FULLDAY_POOL_MOBILE,6,0.0629473408431666
M2-CHAIN-01,mobile_chain_length,REF_FULLDAY_POOL_MOBILE,7,0.031603005415187714
M2-CHAIN-01,mobile_chain_length,REF_FULLDAY_POOL_MOBILE,8,0.01765475917799499
M2-CHAIN-01,mobile_chain_length,REF_FULLDAY_POOL_MOBILE,9,0.0025686230748730313
M2-CHAIN-01,mobile_chain_length,D_REPLAY_EXACT_V1,1,0.05989010989010989
M2-CHAIN-01,mobile_chain_length,D_REPLAY_EXACT_V1,10,0.007733516483516483
M2-CHAIN-01,mobile_chain_length,D_REPLAY_EXACT_V1,11,0.002129120879120879
M2-CHAIN-01,mobile_chain_length,D_REPLAY_EXACT_V1,12_PLUS,0.011373626373626374
M2-CHAIN-01,mobile_chain_length,D_REPLAY_EXACT_V1,2,0.3246565934065934
M2-CHAIN-01,mobile_chain_length,D_REPLAY_EXACT_V1,3,0.1471291208791209
M2-CHAIN-01,mobile_chain_length,D_REPLAY_EXACT_V1,4,0.20942307692307693
M2-CHAIN-01,mobile_chain_length,D_REPLAY_EXACT_V1,5,0.10502747252747252
M2-CHAIN-01,mobile_chain_length,D_REPLAY_EXACT_V1,6,0.06642857142857143
M2-CHAIN-01,mobile_chain_length,D_REPLAY_EXACT_V1,7,0.037637362637362635
M2-CHAIN-01,mobile_chain_length,D_REPLAY_EXACT_V1,8,0.021085164835164837
M2-CHAIN-01,mobile_chain_length,D_REPLAY_EXACT_V1,9,0.0074862637362637366
M2-CHAIN-01,mobile_chain_length,D_MATCH_FULLDAY_V1,1,0.040520692677611166
M2-CHAIN-01,mobile_chain_length,D_MATCH_FULLDAY_V1,10,0.002629521711321157
M2-CHAIN-01,mobile_chain_length,D_MATCH_FULLDAY_V1,11,0.000521166465306896
M2-CHAIN-01,mobile_chain_length,D_MATCH_FULLDAY_V1,2,0.3592850543671381
M2-CHAIN-01,mobile_chain_length,D_MATCH_FULLDAY_V1,3,0.1519318693293535
M2-CHAIN-01,mobile_chain_length,D_MATCH_FULLDAY_V1,4,0.21847535119512945
M2-CHAIN-01,mobile_chain_length,D_MATCH_FULLDAY_V1,5,0.1053703835311397
M2-CHAIN-01,mobile_chain_length,D_MATCH_FULLDAY_V1,6,0.06625920924833582
M2-CHAIN-01,mobile_chain_length,D_MATCH_FULLDAY_V1,7,0.03631582687797598
M2-CHAIN-01,mobile_chain_length,D_MATCH_FULLDAY_V1,8,0.014829554876459858
M2-CHAIN-01,mobile_chain_length,D_MATCH_FULLDAY_V1,9,0.0038613697202283656
M2-PURP-01,purpose,REF_TRAIN_DIRECT_PURPOSE,BUSINESS,0.024379958365732042
M2-PURP-01,purpose,REF_TRAIN_DIRECT_PURPOSE,EDUCATION,0.04373036342250086
M2-PURP-01,purpose,REF_TRAIN_DIRECT_PURPOSE,ESCORT,0.06475765944504155
M2-PURP-01,purpose,REF_TRAIN_DIRECT_PURPOSE,LEISURE,0.1662890663439095
M2-PURP-01,purpose,REF_TRAIN_DIRECT_PURPOSE,OTHER,0.0332668910852615
M2-PURP-01,purpose,REF_TRAIN_DIRECT_PURPOSE,PRIVATE_ERRAND,0.1001578433518731
M2-PURP-01,purpose,REF_TRAIN_DIRECT_PURPOSE,RETURN_HOME,0.3538363845585467
M2-PURP-01,purpose,REF_TRAIN_DIRECT_PURPOSE,RETURN_PREVIOUS,0.014442680632817746
M2-PURP-01,purpose,REF_TRAIN_DIRECT_PURPOSE,SHOPPING,0.11486792648912371
M2-PURP-01,purpose,REF_TRAIN_DIRECT_PURPOSE,WORK_COMMUTE,0.08427122630519335
M2-PURP-01,purpose,REF_FULLDAY_POOL_TRIPS,BUSINESS,0.009456813782676142
M2-PURP-01,purpose,REF_FULLDAY_POOL_TRIPS,EDUCATION,0.05085334011984738
M2-PURP-01,purpose,REF_FULLDAY_POOL_TRIPS,ESCORT,0.058503128143000634
M2-PURP-01,purpose,REF_FULLDAY_POOL_TRIPS,LEISURE,0.16980022363309127
M2-PURP-01,purpose,REF_FULLDAY_POOL_TRIPS,OTHER,0.030734785115420243
M2-PURP-01,purpose,REF_FULLDAY_POOL_TRIPS,PRIVATE_ERRAND,0.10542429707210844
M2-PURP-01,purpose,REF_FULLDAY_POOL_TRIPS,RETURN_HOME,0.3679139699312893
M2-PURP-01,purpose,REF_FULLDAY_POOL_TRIPS,RETURN_PREVIOUS,0.009585924283528738
M2-PURP-01,purpose,REF_FULLDAY_POOL_TRIPS,SHOPPING,0.1198282916913473
M2-PURP-01,purpose,REF_FULLDAY_POOL_TRIPS,WORK_COMMUTE,0.07789922622769045
M2-PURP-01,purpose,D_REPLAY_EXACT_V1,BUSINESS,0.011472973459428049
M2-PURP-01,purpose,D_REPLAY_EXACT_V1,EDUCATION,0.04352633229968579
M2-PURP-01,purpose,D_REPLAY_EXACT_V1,ESCORT,0.05121954982335426
M2-PURP-01,purpose,D_REPLAY_EXACT_V1,LEISURE,0.17086039587158086
M2-PURP-01,purpose,D_REPLAY_EXACT_V1,OTHER,0.02840216603156482
M2-PURP-01,purpose,D_REPLAY_EXACT_V1,PRIVATE_ERRAND,0.11351609867477129
M2-PURP-01,purpose,D_REPLAY_EXACT_V1,RETURN_HOME,0.3615297983615915
M2-PURP-01,purpose,D_REPLAY_EXACT_V1,RETURN_PREVIOUS,0.009981641185454882
M2-PURP-01,purpose,D_REPLAY_EXACT_V1,SHOPPING,0.12560617514411926
M2-PURP-01,purpose,D_REPLAY_EXACT_V1,WORK_COMMUTE,0.08388486914844927
M2-PURP-01,purpose,D_MATCH_FULLDAY_V1,BUSINESS,0.010510860765399234
M2-PURP-01,purpose,D_MATCH_FULLDAY_V1,EDUCATION,0.04431439274393842
M2-PURP-01,purpose,D_MATCH_FULLDAY_V1,ESCORT,0.05497276232556225
M2-PURP-01,purpose,D_MATCH_FULLDAY_V1,LEISURE,0.17338803737804795
M2-PURP-01,purpose,D_MATCH_FULLDAY_V1,OTHER,0.02702841774496755
M2-PURP-01,purpose,D_MATCH_FULLDAY_V1,PRIVATE_ERRAND,0.10160270044046818
M2-PURP-01,purpose,D_MATCH_FULLDAY_V1,RETURN_HOME,0.364923089589308
M2-PURP-01,purpose,D_MATCH_FULLDAY_V1,RETURN_PREVIOUS,0.009275903234216556
M2-PURP-01,purpose,D_MATCH_FULLDAY_V1,SHOPPING,0.12282338735129053
M2-PURP-01,purpose,D_MATCH_FULLDAY_V1,WORK_COMMUTE,0.09116044842680132
M2-TIME-01,departure_hour,REF_TRAIN_DIRECT_TIME_VALID,0,0.0012349448802269538
M2-TIME-01,departure_hour,REF_TRAIN_DIRECT_TIME_VALID,1,0.0010886410498179646
M2-TIME-01,departure_hour,REF_TRAIN_DIRECT_TIME_VALID,10,0.06005760478886564
M2-TIME-01,departure_hour,REF_TRAIN_DIRECT_TIME_VALID,11,0.05920064751508442
M2-TIME-01,departure_hour,REF_TRAIN_DIRECT_TIME_VALID,12,0.07154127065583972
M2-TIME-01,departure_hour,REF_TRAIN_DIRECT_TIME_VALID,13,0.06850122957753194
M2-TIME-01,departure_hour,REF_TRAIN_DIRECT_TIME_VALID,14,0.07595309936595182
M2-TIME-01,departure_hour,REF_TRAIN_DIRECT_TIME_VALID,15,0.09699081853586569
M2-TIME-01,departure_hour,REF_TRAIN_DIRECT_TIME_VALID,16,0.10114436923799061
M2-TIME-01,departure_hour,REF_TRAIN_DIRECT_TIME_VALID,17,0.06424539740894698
M2-TIME-01,departure_hour,REF_TRAIN_DIRECT_TIME_VALID,18,0.062204936857606724
M2-TIME-01,departure_hour,REF_TRAIN_DIRECT_TIME_VALID,19,0.04372486739116331
M2-TIME-01,departure_hour,REF_TRAIN_DIRECT_TIME_VALID,2,0.00033358609628851766
M2-TIME-01,departure_hour,REF_TRAIN_DIRECT_TIME_VALID,20,0.022686000060868974
M2-TIME-01,departure_hour,REF_TRAIN_DIRECT_TIME_VALID,21,0.02161376022237842
M2-TIME-01,departure_hour,REF_TRAIN_DIRECT_TIME_VALID,22,0.013470693631321447
M2-TIME-01,departure_hour,REF_TRAIN_DIRECT_TIME_VALID,23,0.009243791527376342
M2-TIME-01,departure_hour,REF_TRAIN_DIRECT_TIME_VALID,3,0.00036806519654823666
M2-TIME-01,departure_hour,REF_TRAIN_DIRECT_TIME_VALID,4,0.0035138077409000747
M2-TIME-01,departure_hour,REF_TRAIN_DIRECT_TIME_VALID,5,0.009834839221821682
M2-TIME-01,departure_hour,REF_TRAIN_DIRECT_TIME_VALID,6,0.021032604483027965
M2-TIME-01,departure_hour,REF_TRAIN_DIRECT_TIME_VALID,7,0.06452573803054863
M2-TIME-01,departure_hour,REF_TRAIN_DIRECT_TIME_VALID,8,0.06985564958388193
M2-TIME-01,departure_hour,REF_TRAIN_DIRECT_TIME_VALID,9,0.057633636940146046
M2-TIME-01,departure_hour,REF_FULLDAY_POOL_TRIPS,0,0.0004359910064662804
M2-TIME-01,departure_hour,REF_FULLDAY_POOL_TRIPS,1,0.0012843591725200155
M2-TIME-01,departure_hour,REF_FULLDAY_POOL_TRIPS,10,0.06159192569038995
M2-TIME-01,departure_hour,REF_FULLDAY_POOL_TRIPS,11,0.05495401790917419
M2-TIME-01,departure_hour,REF_FULLDAY_POOL_TRIPS,12,0.07009479995253287
M2-TIME-01,departure_hour,REF_FULLDAY_POOL_TRIPS,13,0.07156040320841384
M2-TIME-01,departure_hour,REF_FULLDAY_POOL_TRIPS,14,0.07611912783738355
M2-TIME-01,departure_hour,REF_FULLDAY_POOL_TRIPS,15,0.09383306814324612
M2-TIME-01,departure_hour,REF_FULLDAY_POOL_TRIPS,16,0.09905427869254249
M2-TIME-01,departure_hour,REF_FULLDAY_POOL_TRIPS,17,0.06884909592766622
M2-TIME-01,departure_hour,REF_FULLDAY_POOL_TRIPS,18,0.061912223817547636
M2-TIME-01,departure_hour,REF_FULLDAY_POOL_TRIPS,19,0.04548215648993994
M2-TIME-01,departure_hour,REF_FULLDAY_POOL_TRIPS,2,0.00043366071395138406
M2-TIME-01,departure_hour,REF_FULLDAY_POOL_TRIPS,20,0.021231418658938
M2-TIME-01,departure_hour,REF_FULLDAY_POOL_TRIPS,21,0.02183701545350991
M2-TIME-01,departure_hour,REF_FULLDAY_POOL_TRIPS,22,0.014350363218275293
M2-TIME-01,departure_hour,REF_FULLDAY_POOL_TRIPS,23,0.009050404939547164
M2-TIME-01,departure_hour,REF_FULLDAY_POOL_TRIPS,4,0.0027357131138278177
M2-TIME-01,departure_hour,REF_FULLDAY_POOL_TRIPS,5,0.0074588394161850405
M2-TIME-01,departure_hour,REF_FULLDAY_POOL_TRIPS,6,0.018980824524743964
M2-TIME-01,departure_hour,REF_FULLDAY_POOL_TRIPS,7,0.06702495239646347
M2-TIME-01,departure_hour,REF_FULLDAY_POOL_TRIPS,8,0.0723452654761305
M2-TIME-01,departure_hour,REF_FULLDAY_POOL_TRIPS,9,0.05938009424060446
M2-TIME-01,departure_hour,D_REPLAY_EXACT_V1,0,0.0005759628092586021
M2-TIME-01,departure_hour,D_REPLAY_EXACT_V1,1,0.0008536591637225711
M2-TIME-01,departure_hour,D_REPLAY_EXACT_V1,10,0.06284165651017963
M2-TIME-01,departure_hour,D_REPLAY_EXACT_V1,11,0.05960186570809999
M2-TIME-01,departure_hour,D_REPLAY_EXACT_V1,12,0.07347125585605044
M2-TIME-01,departure_hour,D_REPLAY_EXACT_V1,13,0.07154795147513332
M2-TIME-01,departure_hour,D_REPLAY_EXACT_V1,14,0.07511686388250359
M2-TIME-01,departure_hour,D_REPLAY_EXACT_V1,15,0.08671840046899829
M2-TIME-01,departure_hour,D_REPLAY_EXACT_V1,16,0.0940413561867148
M2-TIME-01,departure_hour,D_REPLAY_EXACT_V1,17,0.0696709298199602
M2-TIME-01,departure_hour,D_REPLAY_EXACT_V1,18,0.06651341941920322
M2-TIME-01,departure_hour,D_REPLAY_EXACT_V1,19,0.04943509361966913
M2-TIME-01,departure_hour,D_REPLAY_EXACT_V1,2,0.0006685282607465918
M2-TIME-01,departure_hour,D_REPLAY_EXACT_V1,20,0.022837953892120108
M2-TIME-01,departure_hour,D_REPLAY_EXACT_V1,21,0.018790786652061894
M2-TIME-01,departure_hour,D_REPLAY_EXACT_V1,22,0.014897895164483664
M2-TIME-01,departure_hour,D_REPLAY_EXACT_V1,23,0.009400535851113613
M2-TIME-01,departure_hour,D_REPLAY_EXACT_V1,4,0.002036439932735772
M2-TIME-01,departure_hour,D_REPLAY_EXACT_V1,5,0.006309878276431293
M2-TIME-01,departure_hour,D_REPLAY_EXACT_V1,6,0.015304154646014286
M2-TIME-01,departure_hour,D_REPLAY_EXACT_V1,7,0.06213198804877171
M2-TIME-01,departure_hour,D_REPLAY_EXACT_V1,8,0.07453575854816231
M2-TIME-01,departure_hour,D_REPLAY_EXACT_V1,9,0.06269766580786498
M2-TIME-01,departure_hour,D_MATCH_FULLDAY_V1,0,0.0005625917642054421
M2-TIME-01,departure_hour,D_MATCH_FULLDAY_V1,1,0.0008233050207884518
M2-TIME-01,departure_hour,D_MATCH_FULLDAY_V1,10,0.06049576684001811
M2-TIME-01,departure_hour,D_MATCH_FULLDAY_V1,11,0.057885203836601395
M2-TIME-01,departure_hour,D_MATCH_FULLDAY_V1,12,0.07200145450553673
M2-TIME-01,departure_hour,D_MATCH_FULLDAY_V1,13,0.068725386610316
M2-TIME-01,departure_hour,D_MATCH_FULLDAY_V1,14,0.07577836628840375
M2-TIME-01,departure_hour,D_MATCH_FULLDAY_V1,15,0.09007299971184324
M2-TIME-01,departure_hour,D_MATCH_FULLDAY_V1,16,0.09425470312993126
M2-TIME-01,departure_hour,D_MATCH_FULLDAY_V1,17,0.07374068636195233
M2-TIME-01,departure_hour,D_MATCH_FULLDAY_V1,18,0.06339105616312417
M2-TIME-01,departure_hour,D_MATCH_FULLDAY_V1,19,0.050180441017056134
M2-TIME-01,departure_hour,D_MATCH_FULLDAY_V1,2,0.00024013063106329843
M2-TIME-01,departure_hour,D_MATCH_FULLDAY_V1,20,0.024620250559161328
M2-TIME-01,departure_hour,D_MATCH_FULLDAY_V1,21,0.01777995801144394
M2-TIME-01,departure_hour,D_MATCH_FULLDAY_V1,22,0.01477489468556609
M2-TIME-01,departure_hour,D_MATCH_FULLDAY_V1,23,0.010582899954718224
M2-TIME-01,departure_hour,D_MATCH_FULLDAY_V1,4,0.002915871948625767
M2-TIME-01,departure_hour,D_MATCH_FULLDAY_V1,5,0.00678540554633149
M2-TIME-01,departure_hour,D_MATCH_FULLDAY_V1,6,0.01870617615983095
M2-TIME-01,departure_hour,D_MATCH_FULLDAY_V1,7,0.06423494380943233
M2-TIME-01,departure_hour,D_MATCH_FULLDAY_V1,8,0.07454340875722107
M2-TIME-01,departure_hour,D_MATCH_FULLDAY_V1,9,0.05690409868682849
M2-TRANS-01,activity_transition,REF_TRAIN_TRANSITION,BUSINESS>BUSINESS,0.009831121819836664
M2-TRANS-01,activity_transition,REF_TRAIN_TRANSITION,BUSINESS>ESCORT,0.0003604827345709379
M2-TRANS-01,activity_transition,REF_TRAIN_TRANSITION,BUSINESS>HOME,0.007946403617831388
M2-TRANS-01,activity_transition,REF_TRAIN_TRANSITION,BUSINESS>LEISURE,0.0010910978443662094
M2-TRANS-01,activity_transition,REF_TRAIN_TRANSITION,BUSINESS>OTHER,0.00018023741781692746
M2-TRANS-01,activity_transition,REF_TRAIN_TRANSITION,BUSINESS>PRIVATE_ERRAND,0.0017095741132683764
M2-TRANS-01,activity_transition,REF_TRAIN_TRANSITION,BUSINESS>SHOPPING,0.0009611435231101087
M2-TRANS-01,activity_transition,REF_TRAIN_TRANSITION,BUSINESS>WORK,0.0027984976694543982
M2-TRANS-01,activity_transition,REF_TRAIN_TRANSITION,EDUCATION>BUSINESS,0.00018336793279434725
M2-TRANS-01,activity_transition,REF_TRAIN_TRANSITION,EDUCATION>EDUCATION,0.006017083414861689
M2-TRANS-01,activity_transition,REF_TRAIN_TRANSITION,EDUCATION>ESCORT,0.0017593056473784935
M2-TRANS-01,activity_transition,REF_TRAIN_TRANSITION,EDUCATION>HOME,0.029349624269363907
M2-TRANS-01,activity_transition,REF_TRAIN_TRANSITION,EDUCATION>LEISURE,0.0046388634321402646
M2-TRANS-01,activity_transition,REF_TRAIN_TRANSITION,EDUCATION>OTHER,0.001595606394949946
M2-TRANS-01,activity_transition,REF_TRAIN_TRANSITION,EDUCATION>PRIVATE_ERRAND,0.0017006180212144227
M2-TRANS-01,activity_transition,REF_TRAIN_TRANSITION,EDUCATION>SHOPPING,0.0015218311840223438
M2-TRANS-01,activity_transition,REF_TRAIN_TRANSITION,EDUCATION>WORK,0.0002398622997660027
M2-TRANS-01,activity_transition,REF_TRAIN_TRANSITION,ESCORT>BUSINESS,0.00018336793279434725
M2-TRANS-01,activity_transition,REF_TRAIN_TRANSITION,ESCORT>EDUCATION,0.0006459134257376051
M2-TRANS-01,activity_transition,REF_TRAIN_TRANSITION,ESCORT>ESCORT,0.01458762421683953
M2-TRANS-01,activity_transition,REF_TRAIN_TRANSITION,ESCORT>HOME,0.029740520546207988
M2-TRANS-01,activity_transition,REF_TRAIN_TRANSITION,ESCORT>LEISURE,0.007281467225353288
M2-TRANS-01,activity_transition,REF_TRAIN_TRANSITION,ESCORT>OTHER,0.0002825940228218745
M2-TRANS-01,activity_transition,REF_TRAIN_TRANSITION,ESCORT>PRIVATE_ERRAND,0.003478618269537396
M2-TRANS-01,activity_transition,REF_TRAIN_TRANSITION,ESCORT>SHOPPING,0.003969865477889783
M2-TRANS-01,activity_transition,REF_TRAIN_TRANSITION,ESCORT>WORK,0.006774334449713149
M2-TRANS-01,activity_transition,REF_TRAIN_TRANSITION,HOME>BUSINESS,0.006736827529196465
M2-TRANS-01,activity_transition,REF_TRAIN_TRANSITION,HOME>EDUCATION,0.03337702487341456
M2-TRANS-01,activity_transition,REF_TRAIN_TRANSITION,HOME>ESCORT,0.03413090182789045
M2-TRANS-01,activity_transition,REF_TRAIN_TRANSITION,HOME>HOME,0.007383100712911092
M2-TRANS-01,activity_transition,REF_TRAIN_TRANSITION,HOME>LEISURE,0.09263564346015944
M2-TRANS-01,activity_transition,REF_TRAIN_TRANSITION,HOME>OTHER,0.017484579336113016
M2-TRANS-01,activity_transition,REF_TRAIN_TRANSITION,HOME>PRIVATE_ERRAND,0.05532165266736726
M2-TRANS-01,activity_transition,REF_TRAIN_TRANSITION,HOME>SHOPPING,0.06335147036090485
M2-TRANS-01,activity_transition,REF_TRAIN_TRANSITION,HOME>WORK,0.06399521305189251
M2-TRANS-01,activity_transition,REF_TRAIN_TRANSITION,LEISURE>BUSINESS,0.0007175571703004882
M2-TRANS-01,activity_transition,REF_TRAIN_TRANSITION,LEISURE>EDUCATION,0.0005930610551903734
M2-TRANS-01,activity_transition,REF_TRAIN_TRANSITION,LEISURE>ESCORT,0.0014468007683109002
M2-TRANS-01,activity_transition,REF_TRAIN_TRANSITION,LEISURE>HOME,0.09144788588806753
M2-TRANS-01,activity_transition,REF_TRAIN_TRANSITION,LEISURE>LEISURE,0.03591557817611968
M2-TRANS-01,activity_transition,REF_TRAIN_TRANSITION,LEISURE>OTHER,0.002614169412831377
M2-TRANS-01,activity_transition,REF_TRAIN_TRANSITION,LEISURE>PRIVATE_ERRAND,0.004818880650321818
M2-TRANS-01,activity_transition,REF_TRAIN_TRANSITION,LEISURE>SHOPPING,0.008892715762464375
M2-TRANS-01,activity_transition,REF_TRAIN_TRANSITION,LEISURE>WORK,0.0027404865945272
M2-TRANS-01,activity_transition,REF_TRAIN_TRANSITION,OTHER>EDUCATION,0.0011383899144143657
M2-TRANS-01,activity_transition,REF_TRAIN_TRANSITION,OTHER>HOME,0.015529116027196642
M2-TRANS-01,activity_transition,REF_TRAIN_TRANSITION,OTHER>LEISURE,0.001695993700863553
M2-TRANS-01,activity_transition,REF_TRAIN_TRANSITION,OTHER>OTHER,0.005627054307110247
M2-TRANS-01,activity_transition,REF_TRAIN_TRANSITION,OTHER>PRIVATE_ERRAND,0.0027205882674819905
M2-TRANS-01,activity_transition,REF_TRAIN_TRANSITION,OTHER>SHOPPING,0.0021669755076919256
M2-TRANS-01,activity_transition,REF_TRAIN_TRANSITION,OTHER>WORK,0.0013380493927914905
M2-TRANS-01,activity_transition,REF_TRAIN_TRANSITION,PRIVATE_ERRAND>BUSINESS,0.00047912393773679054
M2-TRANS-01,activity_transition,REF_TRAIN_TRANSITION,PRIVATE_ERRAND>EDUCATION,0.0012958745804290143
M2-TRANS-01,activity_transition,REF_TRAIN_TRANSITION,PRIVATE_ERRAND>ESCORT,0.0054680648562338
M2-TRANS-01,activity_transition,REF_TRAIN_TRANSITION,PRIVATE_ERRAND>HOME,0.05136178676925058
M2-TRANS-01,activity_transition,REF_TRAIN_TRANSITION,PRIVATE_ERRAND>LEISURE,0.005912808841180294
M2-TRANS-01,activity_transition,REF_TRAIN_TRANSITION,PRIVATE_ERRAND>OTHER,0.0006961625796064623
M2-TRANS-01,activity_transition,REF_TRAIN_TRANSITION,PRIVATE_ERRAND>PRIVATE_ERRAND,0.020758823127676355
M2-TRANS-01,activity_transition,REF_TRAIN_TRANSITION,PRIVATE_ERRAND>SHOPPING,0.012256535864295207
M2-TRANS-01,activity_transition,REF_TRAIN_TRANSITION,PRIVATE_ERRAND>WORK,0.0017917275156403018
M2-TRANS-01,activity_transition,REF_TRAIN_TRANSITION,SHOPPING>BUSINESS,0.0005287618994485127
M2-TRANS-01,activity_transition,REF_TRAIN_TRANSITION,SHOPPING>EDUCATION,0.0003201604006174774
M2-TRANS-01,activity_transition,REF_TRAIN_TRANSITION,SHOPPING>ESCORT,0.003979700385708365
M2-TRANS-01,activity_transition,REF_TRAIN_TRANSITION,SHOPPING>HOME,0.07967727744017208
M2-TRANS-01,activity_transition,REF_TRAIN_TRANSITION,SHOPPING>LEISURE,0.007073500653396769
M2-TRANS-01,activity_transition,REF_TRAIN_TRANSITION,SHOPPING>OTHER,0.0021382127797343648
M2-TRANS-01,activity_transition,REF_TRAIN_TRANSITION,SHOPPING>PRIVATE_ERRAND,0.007924399644710296
M2-TRANS-01,activity_transition,REF_TRAIN_TRANSITION,SHOPPING>SHOPPING,0.01321145241043066
M2-TRANS-01,activity_transition,REF_TRAIN_TRANSITION,SHOPPING>WORK,0.0021707807556470026
M2-TRANS-01,activity_transition,REF_TRAIN_TRANSITION,WORK>BUSINESS,0.006437454118969503
M2-TRANS-01,activity_transition,REF_TRAIN_TRANSITION,WORK>EDUCATION,0.0004885522807911445
M2-TRANS-01,activity_transition,REF_TRAIN_TRANSITION,WORK>ESCORT,0.003188847059416489
M2-TRANS-01,activity_transition,REF_TRAIN_TRANSITION,WORK>HOME,0.053517008064631284
M2-TRANS-01,activity_transition,REF_TRAIN_TRANSITION,WORK>LEISURE,0.008159077994232097
M2-TRANS-01,activity_transition,REF_TRAIN_TRANSITION,WORK>OTHER,0.0014634865527185265
M2-TRANS-01,activity_transition,REF_TRAIN_TRANSITION,WORK>PRIVATE_ERRAND,0.00412185435817743
M2-TRANS-01,activity_transition,REF_TRAIN_TRANSITION,WORK>SHOPPING,0.008977320083820827
M2-TRANS-01,activity_transition,REF_TRAIN_TRANSITION,WORK>WORK,0.003952501726153467
M2-TRANS-01,activity_transition,REF_FULLDAY_POOL_TRIPS,BUSINESS>BUSINESS,0.0012038635747776403
M2-TRANS-01,activity_transition,REF_FULLDAY_POOL_TRIPS,BUSINESS>HOME,0.004673083484059201
M2-TRANS-01,activity_transition,REF_FULLDAY_POOL_TRIPS,BUSINESS>LEISURE,0.0009306835616007141
M2-TRANS-01,activity_transition,REF_FULLDAY_POOL_TRIPS,BUSINESS>OTHER,6.524563851324632e-05
M2-TRANS-01,activity_transition,REF_FULLDAY_POOL_TRIPS,BUSINESS>PRIVATE_ERRAND,0.000866546689954518
M2-TRANS-01,activity_transition,REF_FULLDAY_POOL_TRIPS,BUSINESS>SHOPPING,0.00046687284748674594
M2-TRANS-01,activity_transition,REF_FULLDAY_POOL_TRIPS,BUSINESS>WORK,0.0011829245541477903
M2-TRANS-01,activity_transition,REF_FULLDAY_POOL_TRIPS,EDUCATION>BUSINESS,0.00022614805337700325
M2-TRANS-01,activity_transition,REF_FULLDAY_POOL_TRIPS,EDUCATION>EDUCATION,0.006510895326979544
M2-TRANS-01,activity_transition,REF_FULLDAY_POOL_TRIPS,EDUCATION>ESCORT,0.0011880299881521126
M2-TRANS-01,activity_transition,REF_FULLDAY_POOL_TRIPS,EDUCATION>HOME,0.03386832855873606
M2-TRANS-01,activity_transition,REF_FULLDAY_POOL_TRIPS,EDUCATION>LEISURE,0.004784332845664273
M2-TRANS-01,activity_transition,REF_FULLDAY_POOL_TRIPS,EDUCATION>OTHER,0.0019678646897248113
M2-TRANS-01,activity_transition,REF_FULLDAY_POOL_TRIPS,EDUCATION>PRIVATE_ERRAND,0.0020973757470823646
M2-TRANS-01,activity_transition,REF_FULLDAY_POOL_TRIPS,EDUCATION>SHOPPING,0.001192270737278053
M2-TRANS-01,activity_transition,REF_FULLDAY_POOL_TRIPS,EDUCATION>WORK,0.0002958226738120535
M2-TRANS-01,activity_transition,REF_FULLDAY_POOL_TRIPS,ESCORT>EDUCATION,0.0005645563199940365
M2-TRANS-01,activity_transition,REF_FULLDAY_POOL_TRIPS,ESCORT>ESCORT,0.008624418148216961
M2-TRANS-01,activity_transition,REF_FULLDAY_POOL_TRIPS,ESCORT>HOME,0.028668954593290098
M2-TRANS-01,activity_transition,REF_FULLDAY_POOL_TRIPS,ESCORT>LEISURE,0.007472742572039989
M2-TRANS-01,activity_transition,REF_FULLDAY_POOL_TRIPS,ESCORT>OTHER,0.00015163659604505993
M2-TRANS-01,activity_transition,REF_FULLDAY_POOL_TRIPS,ESCORT>PRIVATE_ERRAND,0.0027508270856597696
M2-TRANS-01,activity_transition,REF_FULLDAY_POOL_TRIPS,ESCORT>SHOPPING,0.0026916821882612615
M2-TRANS-01,activity_transition,REF_FULLDAY_POOL_TRIPS,ESCORT>WORK,0.006564252600936993
M2-TRANS-01,activity_transition,REF_FULLDAY_POOL_TRIPS,HOME>BUSINESS,0.005027464617265664
M2-TRANS-01,activity_transition,REF_FULLDAY_POOL_TRIPS,HOME>EDUCATION,0.04113315283022666
M2-TRANS-01,activity_transition,REF_FULLDAY_POOL_TRIPS,HOME>ESCORT,0.037439842415141096
M2-TRANS-01,activity_transition,REF_FULLDAY_POOL_TRIPS,HOME>HOME,0.0035765053022727314
M2-TRANS-01,activity_transition,REF_FULLDAY_POOL_TRIPS,HOME>LEISURE,0.10449973270250588
M2-TRANS-01,activity_transition,REF_FULLDAY_POOL_TRIPS,HOME>OTHER,0.0179615120497058
M2-TRANS-01,activity_transition,REF_FULLDAY_POOL_TRIPS,HOME>PRIVATE_ERRAND,0.06291277810767391
M2-TRANS-01,activity_transition,REF_FULLDAY_POOL_TRIPS,HOME>SHOPPING,0.0706909918556813
M2-TRANS-01,activity_transition,REF_FULLDAY_POOL_TRIPS,HOME>WORK,0.06410652524126764
M2-TRANS-01,activity_transition,REF_FULLDAY_POOL_TRIPS,LEISURE>BUSINESS,0.000701540471009973
M2-TRANS-01,activity_transition,REF_FULLDAY_POOL_TRIPS,LEISURE>EDUCATION,0.0006031661445722546
M2-TRANS-01,activity_transition,REF_FULLDAY_POOL_TRIPS,LEISURE>ESCORT,0.0015788999480200621
M2-TRANS-01,activity_transition,REF_FULLDAY_POOL_TRIPS,LEISURE>HOME,0.09583087008965392
M2-TRANS-01,activity_transition,REF_FULLDAY_POOL_TRIPS,LEISURE>LEISURE,0.030391564608513298
M2-TRANS-01,activity_transition,REF_FULLDAY_POOL_TRIPS,LEISURE>OTHER,0.0026352229317187378
M2-TRANS-01,activity_transition,REF_FULLDAY_POOL_TRIPS,LEISURE>PRIVATE_ERRAND,0.0047672577229803635
M2-TRANS-01,activity_transition,REF_FULLDAY_POOL_TRIPS,LEISURE>SHOPPING,0.008613991288321165
M2-TRANS-01,activity_transition,REF_FULLDAY_POOL_TRIPS,LEISURE>WORK,0.003379847824064059
M2-TRANS-01,activity_transition,REF_FULLDAY_POOL_TRIPS,OTHER>EDUCATION,0.000723706146229238
M2-TRANS-01,activity_transition,REF_FULLDAY_POOL_TRIPS,OTHER>HOME,0.013095478253437142
M2-TRANS-01,activity_transition,REF_FULLDAY_POOL_TRIPS,OTHER>LEISURE,0.001706112766007486
M2-TRANS-01,activity_transition,REF_FULLDAY_POOL_TRIPS,OTHER>OTHER,0.005317989854691481
M2-TRANS-01,activity_transition,REF_FULLDAY_POOL_TRIPS,OTHER>PRIVATE_ERRAND,0.003041224087435468
M2-TRANS-01,activity_transition,REF_FULLDAY_POOL_TRIPS,OTHER>SHOPPING,0.0022232101975599903
M2-TRANS-01,activity_transition,REF_FULLDAY_POOL_TRIPS,OTHER>WORK,0.0006242358671214025
M2-TRANS-01,activity_transition,REF_FULLDAY_POOL_TRIPS,PRIVATE_ERRAND>BUSINESS,5.821720906648433e-05
M2-TRANS-01,activity_transition,REF_FULLDAY_POOL_TRIPS,PRIVATE_ERRAND>EDUCATION,0.0015982048186878872
M2-TRANS-01,activity_transition,REF_FULLDAY_POOL_TRIPS,PRIVATE_ERRAND>ESCORT,0.0054998327964166285
M2-TRANS-01,activity_transition,REF_FULLDAY_POOL_TRIPS,PRIVATE_ERRAND>HOME,0.05351334291798636
M2-TRANS-01,activity_transition,REF_FULLDAY_POOL_TRIPS,PRIVATE_ERRAND>LEISURE,0.005649262967972046
M2-TRANS-01,activity_transition,REF_FULLDAY_POOL_TRIPS,PRIVATE_ERRAND>PRIVATE_ERRAND,0.020540586637812674
M2-TRANS-01,activity_transition,REF_FULLDAY_POOL_TRIPS,PRIVATE_ERRAND>SHOPPING,0.012392872543642743
M2-TRANS-01,activity_transition,REF_FULLDAY_POOL_TRIPS,PRIVATE_ERRAND>WORK,0.0018768521227212872
M2-TRANS-01,activity_transition,REF_FULLDAY_POOL_TRIPS,SHOPPING>BUSINESS,0.0003639118456174899
M2-TRANS-01,activity_transition,REF_FULLDAY_POOL_TRIPS,SHOPPING>EDUCATION,0.0003948544888121029
M2-TRANS-01,activity_transition,REF_FULLDAY_POOL_TRIPS,SHOPPING>ESCORT,0.0021378218153506588
M2-TRANS-01,activity_transition,REF_FULLDAY_POOL_TRIPS,SHOPPING>HOME,0.08260475668194238
M2-TRANS-01,activity_transition,REF_FULLDAY_POOL_TRIPS,SHOPPING>LEISURE,0.007491215679400178
M2-TRANS-01,activity_transition,REF_FULLDAY_POOL_TRIPS,SHOPPING>OTHER,0.001604028711211201
M2-TRANS-01,activity_transition,REF_FULLDAY_POOL_TRIPS,SHOPPING>PRIVATE_ERRAND,0.0070898218447003605
M2-TRANS-01,activity_transition,REF_FULLDAY_POOL_TRIPS,SHOPPING>SHOPPING,0.013168520072907915
M2-TRANS-01,activity_transition,REF_FULLDAY_POOL_TRIPS,SHOPPING>WORK,0.002293172544744959
M2-TRANS-01,activity_transition,REF_FULLDAY_POOL_TRIPS,WORK>BUSINESS,0.0019984181037794612
M2-TRANS-01,activity_transition,REF_FULLDAY_POOL_TRIPS,WORK>EDUCATION,0.0006025325453045539
M2-TRANS-01,activity_transition,REF_FULLDAY_POOL_TRIPS,WORK>ESCORT,0.0029433762649056774
M2-TRANS-01,activity_transition,REF_FULLDAY_POOL_TRIPS,WORK>HOME,0.05208265004991139
M2-TRANS-01,activity_transition,REF_FULLDAY_POOL_TRIPS,WORK>LEISURE,0.008500195742897428
M2-TRANS-01,activity_transition,REF_FULLDAY_POOL_TRIPS,WORK>OTHER,0.0010995960877824209
M2-TRANS-01,activity_transition,REF_FULLDAY_POOL_TRIPS,WORK>PRIVATE_ERRAND,0.0028174547652211474
M2-TRANS-01,activity_transition,REF_FULLDAY_POOL_TRIPS,WORK>SHOPPING,0.009168712066444054
M2-TRANS-01,activity_transition,REF_FULLDAY_POOL_TRIPS,WORK>WORK,0.0009176062758934092
M2-TRANS-01,activity_transition,D_REPLAY_EXACT_V1,BUSINESS>BUSINESS,0.00217014558488509
M2-TRANS-01,activity_transition,D_REPLAY_EXACT_V1,BUSINESS>HOME,0.004448284196506168
M2-TRANS-01,activity_transition,D_REPLAY_EXACT_V1,BUSINESS>LEISURE,0.001254776120170526
M2-TRANS-01,activity_transition,D_REPLAY_EXACT_V1,BUSINESS>OTHER,6.171030099199309e-05
M2-TRANS-01,activity_transition,D_REPLAY_EXACT_V1,BUSINESS>PRIVATE_ERRAND,0.0011776382439305348
M2-TRANS-01,activity_transition,D_REPLAY_EXACT_V1,BUSINESS>SHOPPING,0.00046796978252261424
M2-TRANS-01,activity_transition,D_REPLAY_EXACT_V1,BUSINESS>WORK,0.001362769146906514
M2-TRANS-01,activity_transition,D_REPLAY_EXACT_V1,EDUCATION>BUSINESS,0.0003754043310346246
M2-TRANS-01,activity_transition,D_REPLAY_EXACT_V1,EDUCATION>EDUCATION,0.005703060316676695
M2-TRANS-01,activity_transition,D_REPLAY_EXACT_V1,EDUCATION>ESCORT,0.0008228040132265745
M2-TRANS-01,activity_transition,D_REPLAY_EXACT_V1,EDUCATION>HOME,0.027790205546727554
M2-TRANS-01,activity_transition,D_REPLAY_EXACT_V1,EDUCATION>LEISURE,0.004473996821919499
M2-TRANS-01,activity_transition,D_REPLAY_EXACT_V1,EDUCATION>OTHER,0.0020261548825704395
M2-TRANS-01,activity_transition,D_REPLAY_EXACT_V1,EDUCATION>PRIVATE_ERRAND,0.0020107273073224413
M2-TRANS-01,activity_transition,D_REPLAY_EXACT_V1,EDUCATION>SHOPPING,0.0010439325917812165
M2-TRANS-01,activity_transition,D_REPLAY_EXACT_V1,EDUCATION>WORK,0.0003548342307039603
M2-TRANS-01,activity_transition,D_REPLAY_EXACT_V1,ESCORT>EDUCATION,0.0003548342307039603
M2-TRANS-01,activity_transition,D_REPLAY_EXACT_V1,ESCORT>ESCORT,0.008084049429951095
M2-TRANS-01,activity_transition,D_REPLAY_EXACT_V1,ESCORT>HOME,0.023948739309975986
M2-TRANS-01,activity_transition,D_REPLAY_EXACT_V1,ESCORT>LEISURE,0.00589333374473534
M2-TRANS-01,activity_transition,D_REPLAY_EXACT_V1,ESCORT>OTHER,0.00011827807690132009
M2-TRANS-01,activity_transition,D_REPLAY_EXACT_V1,ESCORT>PRIVATE_ERRAND,0.0029106691967890072
M2-TRANS-01,activity_transition,D_REPLAY_EXACT_V1,ESCORT>SHOPPING,0.0022884236617864103
M2-TRANS-01,activity_transition,D_REPLAY_EXACT_V1,ESCORT>WORK,0.006505294229572605
M2-TRANS-01,activity_transition,D_REPLAY_EXACT_V1,HOME>BUSINESS,0.005317370935476738
M2-TRANS-01,activity_transition,D_REPLAY_EXACT_V1,HOME>EDUCATION,0.034866320060476096
M2-TRANS-01,activity_transition,D_REPLAY_EXACT_V1,HOME>ESCORT,0.03019176476033262
M2-TRANS-01,activity_transition,D_REPLAY_EXACT_V1,HOME>HOME,0.003707760584602251
M2-TRANS-01,activity_transition,D_REPLAY_EXACT_V1,HOME>LEISURE,0.10004268295818614
M2-TRANS-01,activity_transition,D_REPLAY_EXACT_V1,HOME>OTHER,0.015550995849982258
M2-TRANS-01,activity_transition,D_REPLAY_EXACT_V1,HOME>PRIVATE_ERRAND,0.06828759057272302
M2-TRANS-01,activity_transition,D_REPLAY_EXACT_V1,HOME>SHOPPING,0.07632535727693011
M2-TRANS-01,activity_transition,D_REPLAY_EXACT_V1,HOME>WORK,0.06928009791367758
M2-TRANS-01,activity_transition,D_REPLAY_EXACT_V1,LEISURE>BUSINESS,0.0008279465383092406
M2-TRANS-01,activity_transition,D_REPLAY_EXACT_V1,LEISURE>EDUCATION,0.0005862478594239344
M2-TRANS-01,activity_transition,D_REPLAY_EXACT_V1,LEISURE>ESCORT,0.0015119023743038306
M2-TRANS-01,activity_transition,D_REPLAY_EXACT_V1,LEISURE>HOME,0.09194834847806971
M2-TRANS-01,activity_transition,D_REPLAY_EXACT_V1,LEISURE>LEISURE,0.033765819692785554
M2-TRANS-01,activity_transition,D_REPLAY_EXACT_V1,LEISURE>OTHER,0.002324421337365073
M2-TRANS-01,activity_transition,D_REPLAY_EXACT_V1,LEISURE>PRIVATE_ERRAND,0.00558992476485804
M2-TRANS-01,activity_transition,D_REPLAY_EXACT_V1,LEISURE>SHOPPING,0.007477231470196496
M2-TRANS-01,activity_transition,D_REPLAY_EXACT_V1,LEISURE>WORK,0.003908319062826229
M2-TRANS-01,activity_transition,D_REPLAY_EXACT_V1,OTHER>EDUCATION,0.0010387900666985503
M2-TRANS-01,activity_transition,D_REPLAY_EXACT_V1,OTHER>HOME,0.013082583810302535
M2-TRANS-01,activity_transition,D_REPLAY_EXACT_V1,OTHER>LEISURE,0.00124963359508786
M2-TRANS-01,activity_transition,D_REPLAY_EXACT_V1,OTHER>OTHER,0.005399651336799395
M2-TRANS-01,activity_transition,D_REPLAY_EXACT_V1,OTHER>PRIVATE_ERRAND,0.0019130193307517857
M2-TRANS-01,activity_transition,D_REPLAY_EXACT_V1,OTHER>SHOPPING,0.0015684701502131576
M2-TRANS-01,activity_transition,D_REPLAY_EXACT_V1,OTHER>WORK,0.0004628272574399482
M2-TRANS-01,activity_transition,D_REPLAY_EXACT_V1,PRIVATE_ERRAND>BUSINESS,9.770797657065573e-05
M2-TRANS-01,activity_transition,D_REPLAY_EXACT_V1,PRIVATE_ERRAND>EDUCATION,0.0012959163208318548
M2-TRANS-01,activity_transition,D_REPLAY_EXACT_V1,PRIVATE_ERRAND>ESCORT,0.005754485567503355
M2-TRANS-01,activity_transition,D_REPLAY_EXACT_V1,PRIVATE_ERRAND>HOME,0.05435134759869791
M2-TRANS-01,activity_transition,D_REPLAY_EXACT_V1,PRIVATE_ERRAND>LEISURE,0.008423456085407056
M2-TRANS-01,activity_transition,D_REPLAY_EXACT_V1,PRIVATE_ERRAND>PRIVATE_ERRAND,0.021999722303645535
M2-TRANS-01,activity_transition,D_REPLAY_EXACT_V1,PRIVATE_ERRAND>SHOPPING,0.014779617087582344
M2-TRANS-01,activity_transition,D_REPLAY_EXACT_V1,PRIVATE_ERRAND>WORK,0.002607260216911708
M2-TRANS-01,activity_transition,D_REPLAY_EXACT_V1,SHOPPING>BUSINESS,0.0005502501838452718
M2-TRANS-01,activity_transition,D_REPLAY_EXACT_V1,SHOPPING>EDUCATION,0.00023655615380264018
M2-TRANS-01,activity_transition,D_REPLAY_EXACT_V1,SHOPPING>ESCORT,0.00214443295947176
M2-TRANS-01,activity_transition,D_REPLAY_EXACT_V1,SHOPPING>HOME,0.08822516031821945
M2-TRANS-01,activity_transition,D_REPLAY_EXACT_V1,SHOPPING>LEISURE,0.007266387941807186
M2-TRANS-01,activity_transition,D_REPLAY_EXACT_V1,SHOPPING>OTHER,0.001810168829098464
M2-TRANS-01,activity_transition,D_REPLAY_EXACT_V1,SHOPPING>PRIVATE_ERRAND,0.007754927824660465
M2-TRANS-01,activity_transition,D_REPLAY_EXACT_V1,SHOPPING>SHOPPING,0.012460338275299937
M2-TRANS-01,activity_transition,D_REPLAY_EXACT_V1,SHOPPING>WORK,0.0019798721568264448
M2-TRANS-01,activity_transition,D_REPLAY_EXACT_V1,WORK>BUSINESS,0.002267853561455746
M2-TRANS-01,activity_transition,D_REPLAY_EXACT_V1,WORK>EDUCATION,0.0005193950333492751
M2-TRANS-01,activity_transition,D_REPLAY_EXACT_V1,WORK>ESCORT,0.003337498778650293
M2-TRANS-01,activity_transition,D_REPLAY_EXACT_V1,WORK>HOME,0.05402736851848995
M2-TRANS-01,activity_transition,D_REPLAY_EXACT_V1,WORK>LEISURE,0.010290192690414847
M2-TRANS-01,activity_transition,D_REPLAY_EXACT_V1,WORK>OTHER,0.0012393485449225278
M2-TRANS-01,activity_transition,D_REPLAY_EXACT_V1,WORK>PRIVATE_ERRAND,0.004026597139727549
M2-TRANS-01,activity_transition,D_REPLAY_EXACT_V1,WORK>SHOPPING,0.0098273654329749
M2-TRANS-01,activity_transition,D_REPLAY_EXACT_V1,WORK>WORK,0.0008536591637225711
M2-TRANS-01,activity_transition,D_MATCH_FULLDAY_V1,BUSINESS>BUSINESS,0.0014476446615530277
M2-TRANS-01,activity_transition,D_MATCH_FULLDAY_V1,BUSINESS>HOME,0.004709990806427268
M2-TRANS-01,activity_transition,D_MATCH_FULLDAY_V1,BUSINESS>LEISURE,0.0011389052787573583
M2-TRANS-01,activity_transition,D_MATCH_FULLDAY_V1,BUSINESS>OTHER,0.00011663487794503066
M2-TRANS-01,activity_transition,D_MATCH_FULLDAY_V1,BUSINESS>PRIVATE_ERRAND,0.0008370267711349259
M2-TRANS-01,activity_transition,D_MATCH_FULLDAY_V1,BUSINESS>SHOPPING,0.0006689353293906171
M2-TRANS-01,activity_transition,D_MATCH_FULLDAY_V1,BUSINESS>WORK,0.0013858967849938938
M2-TRANS-01,activity_transition,D_MATCH_FULLDAY_V1,EDUCATION>BUSINESS,0.00026757413175624683
M2-TRANS-01,activity_transition,D_MATCH_FULLDAY_V1,EDUCATION>EDUCATION,0.004806043058852587
M2-TRANS-01,activity_transition,D_MATCH_FULLDAY_V1,EDUCATION>ESCORT,0.0009468007739067196
M2-TRANS-01,activity_transition,D_MATCH_FULLDAY_V1,EDUCATION>HOME,0.029755615626329293
M2-TRANS-01,activity_transition,D_MATCH_FULLDAY_V1,EDUCATION>LEISURE,0.004202286043607723
M2-TRANS-01,activity_transition,D_MATCH_FULLDAY_V1,EDUCATION>OTHER,0.0014716577246593576
M2-TRANS-01,activity_transition,D_MATCH_FULLDAY_V1,EDUCATION>PRIVATE_ERRAND,0.0021028582405971706
M2-TRANS-01,activity_transition,D_MATCH_FULLDAY_V1,EDUCATION>SHOPPING,0.0012075140304897293
M2-TRANS-01,activity_transition,D_MATCH_FULLDAY_V1,EDUCATION>WORK,0.00034647419624847346
M2-TRANS-01,activity_transition,D_MATCH_FULLDAY_V1,ESCORT>EDUCATION,0.0005111352004061638
M2-TRANS-01,activity_transition,D_MATCH_FULLDAY_V1,ESCORT>ESCORT,0.00817816320649862
M2-TRANS-01,activity_transition,D_MATCH_FULLDAY_V1,ESCORT>HOME,0.026802008864250725
M2-TRANS-01,activity_transition,D_MATCH_FULLDAY_V1,ESCORT>LEISURE,0.006226244219712666
M2-TRANS-01,activity_transition,D_MATCH_FULLDAY_V1,ESCORT>OTHER,0.00020582625519711294
M2-TRANS-01,activity_transition,D_MATCH_FULLDAY_V1,ESCORT>PRIVATE_ERRAND,0.00281295882102721
M2-TRANS-01,activity_transition,D_MATCH_FULLDAY_V1,ESCORT>SHOPPING,0.0027649326948145504
M2-TRANS-01,activity_transition,D_MATCH_FULLDAY_V1,ESCORT>WORK,0.006655048918039985
M2-TRANS-01,activity_transition,D_MATCH_FULLDAY_V1,HOME>BUSINESS,0.0050118693140497
M2-TRANS-01,activity_transition,D_MATCH_FULLDAY_V1,HOME>EDUCATION,0.036448399357822084
M2-TRANS-01,activity_transition,D_MATCH_FULLDAY_V1,HOME>ESCORT,0.03425634973997283
M2-TRANS-01,activity_transition,D_MATCH_FULLDAY_V1,HOME>HOME,0.003180015642795395
M2-TRANS-01,activity_transition,D_MATCH_FULLDAY_V1,HOME>LEISURE,0.10284794928441073
M2-TRANS-01,activity_transition,D_MATCH_FULLDAY_V1,HOME>OTHER,0.014630816306928111
M2-TRANS-01,activity_transition,D_MATCH_FULLDAY_V1,HOME>PRIVATE_ERRAND,0.060883406287306006
M2-TRANS-01,activity_transition,D_MATCH_FULLDAY_V1,HOME>SHOPPING,0.07200488494312335
M2-TRANS-01,activity_transition,D_MATCH_FULLDAY_V1,HOME>WORK,0.07624147536259725
M2-TRANS-01,activity_transition,D_MATCH_FULLDAY_V1,LEISURE>BUSINESS,0.0009502312114933381
M2-TRANS-01,activity_transition,D_MATCH_FULLDAY_V1,LEISURE>EDUCATION,0.00048026126212659685
M2-TRANS-01,activity_transition,D_MATCH_FULLDAY_V1,LEISURE>ESCORT,0.001499101225352306
M2-TRANS-01,activity_transition,D_MATCH_FULLDAY_V1,LEISURE>HOME,0.09453599901203398
M2-TRANS-01,activity_transition,D_MATCH_FULLDAY_V1,LEISURE>LEISURE,0.03429751499101225
M2-TRANS-01,activity_transition,D_MATCH_FULLDAY_V1,LEISURE>OTHER,0.002524802063751252
M2-TRANS-01,activity_transition,D_MATCH_FULLDAY_V1,LEISURE>PRIVATE_ERRAND,0.0049432605623173295
M2-TRANS-01,activity_transition,D_MATCH_FULLDAY_V1,LEISURE>SHOPPING,0.007193627619139098
M2-TRANS-01,activity_transition,D_MATCH_FULLDAY_V1,LEISURE>WORK,0.003529920276630487
M2-TRANS-01,activity_transition,D_MATCH_FULLDAY_V1,OTHER>EDUCATION,0.0005591613266188235
M2-TRANS-01,activity_transition,D_MATCH_FULLDAY_V1,OTHER>HOME,0.01262744075634288
M2-TRANS-01,activity_transition,D_MATCH_FULLDAY_V1,OTHER>LEISURE,0.0015951534777776254
M2-TRANS-01,activity_transition,D_MATCH_FULLDAY_V1,OTHER>OTHER,0.005197112943727102
M2-TRANS-01,activity_transition,D_MATCH_FULLDAY_V1,OTHER>PRIVATE_ERRAND,0.0012658314694622445
M2-TRANS-01,activity_transition,D_MATCH_FULLDAY_V1,OTHER>SHOPPING,0.001437353348793172
M2-TRANS-01,activity_transition,D_MATCH_FULLDAY_V1,OTHER>WORK,0.0007992919576821219
M2-TRANS-01,activity_transition,D_MATCH_FULLDAY_V1,PRIVATE_ERRAND>BUSINESS,5.1456563799278236e-05
M2-TRANS-01,activity_transition,D_MATCH_FULLDAY_V1,PRIVATE_ERRAND>EDUCATION,0.0015025316629389246
M2-TRANS-01,activity_transition,D_MATCH_FULLDAY_V1,PRIVATE_ERRAND>ESCORT,0.0057528438327593065
M2-TRANS-01,activity_transition,D_MATCH_FULLDAY_V1,PRIVATE_ERRAND>HOME,0.050111832265323765
M2-TRANS-01,activity_transition,D_MATCH_FULLDAY_V1,PRIVATE_ERRAND>LEISURE,0.005866048273117719
M2-TRANS-01,activity_transition,D_MATCH_FULLDAY_V1,PRIVATE_ERRAND>PRIVATE_ERRAND,0.019913690190320677
M2-TRANS-01,activity_transition,D_MATCH_FULLDAY_V1,PRIVATE_ERRAND>SHOPPING,0.012455918877011952
M2-TRANS-01,activity_transition,D_MATCH_FULLDAY_V1,PRIVATE_ERRAND>WORK,0.0020788451774908408
M2-TRANS-01,activity_transition,D_MATCH_FULLDAY_V1,SHOPPING>BUSINESS,0.0005625917642054421
M2-TRANS-01,activity_transition,D_MATCH_FULLDAY_V1,SHOPPING>EDUCATION,0.000174952316917546
M2-TRANS-01,activity_transition,D_MATCH_FULLDAY_V1,SHOPPING>ESCORT,0.0021337321788767374
M2-TRANS-01,activity_transition,D_MATCH_FULLDAY_V1,SHOPPING>HOME,0.08434759937977689
M2-TRANS-01,activity_transition,D_MATCH_FULLDAY_V1,SHOPPING>LEISURE,0.006980940488768747
M2-TRANS-01,activity_transition,D_MATCH_FULLDAY_V1,SHOPPING>OTHER,0.0015642795394980584
M2-TRANS-01,activity_transition,D_MATCH_FULLDAY_V1,SHOPPING>PRIVATE_ERRAND,0.0072073493694855715
M2-TRANS-01,activity_transition,D_MATCH_FULLDAY_V1,SHOPPING>SHOPPING,0.014503890116223226
M2-TRANS-01,activity_transition,D_MATCH_FULLDAY_V1,SHOPPING>WORK,0.002572828189963912
M2-TRANS-01,activity_transition,D_MATCH_FULLDAY_V1,WORK>BUSINESS,0.002312114933380902
M2-TRANS-01,activity_transition,D_MATCH_FULLDAY_V1,WORK>EDUCATION,0.000624339640764576
M2-TRANS-01,activity_transition,D_MATCH_FULLDAY_V1,WORK>ESCORT,0.0031457112669292095
M2-TRANS-01,activity_transition,D_MATCH_FULLDAY_V1,WORK>HOME,0.05885258723602783
M2-TRANS-01,activity_transition,D_MATCH_FULLDAY_V1,WORK>LEISURE,0.011275848347215171
M2-TRANS-01,activity_transition,D_MATCH_FULLDAY_V1,WORK>OTHER,0.0013858967849938938
M2-TRANS-01,activity_transition,D_MATCH_FULLDAY_V1,WORK>PRIVATE_ERRAND,0.003581376840429765
M2-TRANS-01,activity_transition,D_MATCH_FULLDAY_V1,WORK>SHOPPING,0.01125183528410884
M2-TRANS-01,activity_transition,D_MATCH_FULLDAY_V1,WORK>WORK,0.0012795532198087189
