variant_id,family_id,error,decision_cells,low_n_cells
P_TRS_V1_FINAL,ACTIVITY_BY_AGE,0.1720349233183947,5,6
P_TRS_V1_FINAL,LICENSE_BY_AGE_SEX,0.06959358548449547,4,10
P_TRS_V1_FINAL,HH_CAR_STOCK_BY_SIZE,0.07504949056740372,3,3
P_TRS_V1_FINAL,HH_BIKE_EBIKE_STOCK_BY_SIZE,0.0828028240721316,3,3
P_CONSTR_RMIN_V2_HD_U,ACTIVITY_BY_AGE,0.1668217357345501,5,6
P_CONSTR_RMIN_V2_HD_U,LICENSE_BY_AGE_SEX,0.07412459278204533,4,10
P_CONSTR_RMIN_V2_HD_U,HH_CAR_STOCK_BY_SIZE,0.045433691933417376,3,3
P_CONSTR_RMIN_V2_HD_U,HH_BIKE_EBIKE_STOCK_BY_SIZE,0.06819189070658105,3,3
P_CONSTR_RMIN_V2_HD_W,ACTIVITY_BY_AGE,0.1651191736125055,5,6
P_CONSTR_RMIN_V2_HD_W,LICENSE_BY_AGE_SEX,0.058760982352112606,4,10
P_CONSTR_RMIN_V2_HD_W,HH_CAR_STOCK_BY_SIZE,0.07393575244128217,3,3
P_CONSTR_RMIN_V2_HD_W,HH_BIKE_EBIKE_STOCK_BY_SIZE,0.08355452687569487,3,3
