bezirk_code,bezirk_name,source_households_6plus_5000H,person_target_6plus_full,rho_multi_2_5,full_scale_h6_prior,role
11000000000001,Mitte,3974,34843,0.993516178214743,3948,MODEL_FIXED_STRUCTURAL_TARGET_NOT_SOURCE_HARD
11000000000002,Friedrichshain-Kreuzberg,2397,21984,0.993516178214743,2381,MODEL_FIXED_STRUCTURAL_TARGET_NOT_SOURCE_HARD
11000000000003,Pankow,2150,20828,0.993516178214743,2136,MODEL_FIXED_STRUCTURAL_TARGET_NOT_SOURCE_HARD
11000000000004,Charlottenburg-Wilmersdorf,2323,23985,0.993516178214743,2308,MODEL_FIXED_STRUCTURAL_TARGET_NOT_SOURCE_HARD
11000000000005,Spandau,2216,16891,0.993516178214743,2202,MODEL_FIXED_STRUCTURAL_TARGET_NOT_SOURCE_HARD
11000000000006,Steglitz-Zehlendorf,2215,16657,0.993516178214743,2201,MODEL_FIXED_STRUCTURAL_TARGET_NOT_SOURCE_HARD
11000000000007,Tempelhof-Schöneberg,2679,23217,0.993516178214743,2661,MODEL_FIXED_STRUCTURAL_TARGET_NOT_SOURCE_HARD
11000000000008,Neukölln,3590,28456,0.993516178214743,3567,MODEL_FIXED_STRUCTURAL_TARGET_NOT_SOURCE_HARD
11000000000009,Treptow-Köpenick,1602,13422,0.993516178214743,1591,MODEL_FIXED_STRUCTURAL_TARGET_NOT_SOURCE_HARD
11000000000010,Marzahn-Hellersdorf,1596,12845,0.993516178214743,1586,MODEL_FIXED_STRUCTURAL_TARGET_NOT_SOURCE_HARD
11000000000011,Lichtenberg,1430,11497,0.993516178214743,1421,MODEL_FIXED_STRUCTURAL_TARGET_NOT_SOURCE_HARD
11000000000012,Reinickendorf,2356,18051,0.993516178214743,2341,MODEL_FIXED_STRUCTURAL_TARGET_NOT_SOURCE_HARD
