component,candidate_id,grid_id,role,complexity_rank,artifact_id,implementation_commit,official_run_dir,runbundle_sha256,model_relpath,artifact_manifest_relpath,model_sha256,manifest_sha256,train_state
DG_PARTICIPATION,PART_REF,REFERENCE,REFERENCE_BASELINE,0,DG_PARTICIPATION::PART_REF::REFERENCE,b06655ed9c87d19977f8aa8b77ed7cfcbd37d670,F3_2c_participation_fit_v1,b158c147ea657bd68b6e049d3ce6947dc6928f7a21e15d3a9cd7cbc9bcbf4e9a,models/PART_REF/model.json,models/PART_REF/artifact_manifest.json,59ea7ea0512f8685d67da34cb6e8caac8c3eb6eef6da883ed6f9c5f00f715f04,86e4ef63541693c947b51b69cb9c960529d5771de2463db37465b22103e461b8,FITTED_TRAIN_ONLY_NOT_SELECTED
DG_PARTICIPATION,PART_A,PA1,CORE_CANDIDATE_A,1,DG_PARTICIPATION::PART_A::PA1,b06655ed9c87d19977f8aa8b77ed7cfcbd37d670,F3_2c_participation_fit_v1,b158c147ea657bd68b6e049d3ce6947dc6928f7a21e15d3a9cd7cbc9bcbf4e9a,models/PART_A/PA1/model.json,models/PART_A/PA1/artifact_manifest.json,18f59f65dc2fe6afa2934b36d8d3989d6ff278fd7d940af08f8954075305782e,00b12204a690070eed5eca9c399c821cf5b6a5912e6fcd2423dab41e22395989,FITTED_TRAIN_ONLY_NOT_SELECTED
DG_PARTICIPATION,PART_A,PA2,CORE_CANDIDATE_A,1,DG_PARTICIPATION::PART_A::PA2,b06655ed9c87d19977f8aa8b77ed7cfcbd37d670,F3_2c_participation_fit_v1,b158c147ea657bd68b6e049d3ce6947dc6928f7a21e15d3a9cd7cbc9bcbf4e9a,models/PART_A/PA2/model.json,models/PART_A/PA2/artifact_manifest.json,c91231aa79e6f5fb1a92752af9aefb0cff5103003b0315d7aacb127937e5f0d1,eca5fd16d9126d3b12c01c68bf1e87eeae2b666dde1346b3a26add1ecd48b76b,FITTED_TRAIN_ONLY_NOT_SELECTED
DG_PARTICIPATION,PART_A,PA3,CORE_CANDIDATE_A,1,DG_PARTICIPATION::PART_A::PA3,b06655ed9c87d19977f8aa8b77ed7cfcbd37d670,F3_2c_participation_fit_v1,b158c147ea657bd68b6e049d3ce6947dc6928f7a21e15d3a9cd7cbc9bcbf4e9a,models/PART_A/PA3/model.json,models/PART_A/PA3/artifact_manifest.json,c748f80279897441f182f831deb9c69c94a01f945c0163b69ed2579ce5afc2ee,da6afdcdbfb863bb3d7844423fdf8b5d5a6030c6a6b34554bdcffd20102e19c5,FITTED_TRAIN_ONLY_NOT_SELECTED
DG_PARTICIPATION,PART_B,PB1,CORE_CHALLENGER_B,2,DG_PARTICIPATION::PART_B::PB1,b06655ed9c87d19977f8aa8b77ed7cfcbd37d670,F3_2c_participation_fit_v1,b158c147ea657bd68b6e049d3ce6947dc6928f7a21e15d3a9cd7cbc9bcbf4e9a,models/PART_B/PB1/model.txt,models/PART_B/PB1/artifact_manifest.json,dc9f8f58a38803e8af5a9ea34bb02b74ff90a3291e6c916c8338bc1a127c639e,7957293ad900ef5b554c41ed98dc560a902a8b36a79b3de35bceddc76aff8eca,FITTED_TRAIN_ONLY_NOT_SELECTED
DG_PARTICIPATION,PART_B,PB2,CORE_CHALLENGER_B,2,DG_PARTICIPATION::PART_B::PB2,b06655ed9c87d19977f8aa8b77ed7cfcbd37d670,F3_2c_participation_fit_v1,b158c147ea657bd68b6e049d3ce6947dc6928f7a21e15d3a9cd7cbc9bcbf4e9a,models/PART_B/PB2/model.txt,models/PART_B/PB2/artifact_manifest.json,2157ac66b53ad08770dec12a56de41ea65c7a7d96da0daa889da42b15289b560,bd7adb696630e3cd110884169e75e2881187b395040d8ec89cd30cd7dfa28ab9,FITTED_TRAIN_ONLY_NOT_SELECTED
DG_PARTICIPATION,PART_B,PB3,CORE_CHALLENGER_B,2,DG_PARTICIPATION::PART_B::PB3,b06655ed9c87d19977f8aa8b77ed7cfcbd37d670,F3_2c_participation_fit_v1,b158c147ea657bd68b6e049d3ce6947dc6928f7a21e15d3a9cd7cbc9bcbf4e9a,models/PART_B/PB3/model.txt,models/PART_B/PB3/artifact_manifest.json,f6c08ef7caf8de75280a54f7f8d8bf0d132ac02bf0bb3a93b4907a0ba082b013,776499970bd0dcf150e69639089bd3c4cc7c2acbc0806e36f5cc1527da8bdc40,FITTED_TRAIN_ONLY_NOT_SELECTED
DG_PARTICIPATION,PART_B,PB4,CORE_CHALLENGER_B,2,DG_PARTICIPATION::PART_B::PB4,b06655ed9c87d19977f8aa8b77ed7cfcbd37d670,F3_2c_participation_fit_v1,b158c147ea657bd68b6e049d3ce6947dc6928f7a21e15d3a9cd7cbc9bcbf4e9a,models/PART_B/PB4/model.txt,models/PART_B/PB4/artifact_manifest.json,526ea6871efe1d4ab10fe84dd168629b0e62b587c416bfa6ee1b2d6c717637b8,477f57c75b60ea33b87b6334cac3d43cf61b65d489de39bf418a0c6caf148876,FITTED_TRAIN_ONLY_NOT_SELECTED
DG_TRIP_COUNT,COUNT_REF,REFERENCE,REFERENCE_BASELINE,0,DG_TRIP_COUNT::COUNT_REF::REFERENCE,a69389d904c526c1b8c320f4354b42ab9bfa7a18,F3_2d_trip_count_fit_v1,c6e449d217a331f5fa289d0e02bc6134ef5fd452347043c3b99b5e970d1f4de1,models/COUNT_REF/model.json,models/COUNT_REF/artifact_manifest.json,647e38736a9e67b81064c5ef52d1644d58c7954984336bc74eeb06e9bfb905e8,5cafa1ff9193f8e3e4343d1ba995ea5e09bb3712988896b53a0c0ae1b22b8669,FITTED_TRAIN_ONLY_NOT_SELECTED
DG_TRIP_COUNT,COUNT_A,CA1,CORE_CANDIDATE_A,1,DG_TRIP_COUNT::COUNT_A::CA1,a69389d904c526c1b8c320f4354b42ab9bfa7a18,F3_2d_trip_count_fit_v1,c6e449d217a331f5fa289d0e02bc6134ef5fd452347043c3b99b5e970d1f4de1,models/COUNT_A/CA1/model.json,models/COUNT_A/CA1/artifact_manifest.json,d03bdf12435b95eeb582f6890066bda2a14eb2ac21c88e0997b9d13505f2ae46,a00eef1436aaa7d603cead97905c8a093601a44f80aefd8e5750bf4c84cc1f0f,FITTED_TRAIN_ONLY_NOT_SELECTED
DG_TRIP_COUNT,COUNT_A,CA2,CORE_CANDIDATE_A,1,DG_TRIP_COUNT::COUNT_A::CA2,a69389d904c526c1b8c320f4354b42ab9bfa7a18,F3_2d_trip_count_fit_v1,c6e449d217a331f5fa289d0e02bc6134ef5fd452347043c3b99b5e970d1f4de1,models/COUNT_A/CA2/model.json,models/COUNT_A/CA2/artifact_manifest.json,ceb759ab9610437be6857cdff68338f1c55083dcf8244a32e3a0b00fc62274e3,e0523ae4a132538ad127cb62ee6281a529147455c8500eb17c4b9e9a71cd2188,FITTED_TRAIN_ONLY_NOT_SELECTED
DG_TRIP_COUNT,COUNT_A,CA3,CORE_CANDIDATE_A,1,DG_TRIP_COUNT::COUNT_A::CA3,a69389d904c526c1b8c320f4354b42ab9bfa7a18,F3_2d_trip_count_fit_v1,c6e449d217a331f5fa289d0e02bc6134ef5fd452347043c3b99b5e970d1f4de1,models/COUNT_A/CA3/model.json,models/COUNT_A/CA3/artifact_manifest.json,0e906a15cf1741422fadcc56729922b6ec66a2768be0a2606c8c3cfb36203391,ed9f3e8b964930c9e92decedb554031b193e7327b73e7a6950ed654fdf0b083a,FITTED_TRAIN_ONLY_NOT_SELECTED
DG_TRIP_COUNT,COUNT_B,CB1,CORE_CHALLENGER_B,2,DG_TRIP_COUNT::COUNT_B::CB1,a69389d904c526c1b8c320f4354b42ab9bfa7a18,F3_2d_trip_count_fit_v1,c6e449d217a331f5fa289d0e02bc6134ef5fd452347043c3b99b5e970d1f4de1,models/COUNT_B/CB1/model.json,models/COUNT_B/CB1/artifact_manifest.json,ec04df3bb764f640c8614e5580a6ad1a5dbf93aea82c313e3426b849122cc72a,cb33bf97b8e7083bfd1373265352ef4b25cdfab16a421d974a557bb2b73fd715,FITTED_TRAIN_ONLY_NOT_SELECTED
DG_ACTIVITY_CHAIN,CHAIN_REF,REFERENCE,REFERENCE_BASELINE,0,DG_ACTIVITY_CHAIN::CHAIN_REF::REFERENCE,8aa9af765ed9aa2d69fe797c1530c88ae55ed5f4,F3_2e_activity_chain_fit_v1,5d0ee68d0b363b54c53378677a5a21c36707f97c146de49f6158ee7eb7ac3c2c,models/CHAIN_REF/model.json,models/CHAIN_REF/artifact_manifest.json,818a2b1015a3273a1c8b08672e6be8d790774cd356c4cd7102c70515407cb6a3,93896d0bad98bd89aa620dab626d731dfbab2a9f95346c4184826f580a6edd31,FITTED_TRAIN_ONLY_NOT_SELECTED
DG_ACTIVITY_CHAIN,CHAIN_A,CHA1,CORE_CANDIDATE_A,1,DG_ACTIVITY_CHAIN::CHAIN_A::CHA1,8aa9af765ed9aa2d69fe797c1530c88ae55ed5f4,F3_2e_activity_chain_fit_v1,5d0ee68d0b363b54c53378677a5a21c36707f97c146de49f6158ee7eb7ac3c2c,models/CHAIN_A/CHA1/model.json,models/CHAIN_A/CHA1/artifact_manifest.json,9f84b56e8e8a63b7d1d1030e723dffd16789dac6a711c32e55f7e07360a76654,0942923fd045d9fc5535464ad4d32bb1c674d56537be775c81173bde6b799d13,FITTED_TRAIN_ONLY_NOT_SELECTED
DG_ACTIVITY_CHAIN,CHAIN_A,CHA2,CORE_CANDIDATE_A,1,DG_ACTIVITY_CHAIN::CHAIN_A::CHA2,8aa9af765ed9aa2d69fe797c1530c88ae55ed5f4,F3_2e_activity_chain_fit_v1,5d0ee68d0b363b54c53378677a5a21c36707f97c146de49f6158ee7eb7ac3c2c,models/CHAIN_A/CHA2/model.json,models/CHAIN_A/CHA2/artifact_manifest.json,242085ebab9eb5ec8a53ea3b8ffe65c1d1e1fdb660bcacff0ab172d1b5ef1ecf,337140dd45522a47659603998838a3c869646cbd70961ba874d6f34be555ea73,FITTED_TRAIN_ONLY_NOT_SELECTED
DG_ACTIVITY_CHAIN,CHAIN_B,CHB1,CORE_CHALLENGER_B,2,DG_ACTIVITY_CHAIN::CHAIN_B::CHB1,8aa9af765ed9aa2d69fe797c1530c88ae55ed5f4,F3_2e_activity_chain_fit_v1,5d0ee68d0b363b54c53378677a5a21c36707f97c146de49f6158ee7eb7ac3c2c,models/CHAIN_B/CHB1/model.json,models/CHAIN_B/CHB1/artifact_manifest.json,a216e87894b25affcc2e3ada1af368660c784c4e8bb5eba3a24a539bbc406550,a07eca2b5422ad3e0bd549eef19eb0a1cb4fdd1e65a50a4a11d99269c7b5eeee,FITTED_TRAIN_ONLY_NOT_SELECTED
DG_ACTIVITY_CHAIN,CHAIN_B,CHB2,CORE_CHALLENGER_B,2,DG_ACTIVITY_CHAIN::CHAIN_B::CHB2,8aa9af765ed9aa2d69fe797c1530c88ae55ed5f4,F3_2e_activity_chain_fit_v1,5d0ee68d0b363b54c53378677a5a21c36707f97c146de49f6158ee7eb7ac3c2c,models/CHAIN_B/CHB2/model.json,models/CHAIN_B/CHB2/artifact_manifest.json,5593dbd10ce2206ad1a15fc72467d66ba8451675ff5165fdda916e14a6f3db77,e16645bde21622a80d486e30733dce646e6db59ab557ee11d182de966edc0d22,FITTED_TRAIN_ONLY_NOT_SELECTED
DG_ACTIVITY_CHAIN,CHAIN_B,CHB3,CORE_CHALLENGER_B,2,DG_ACTIVITY_CHAIN::CHAIN_B::CHB3,8aa9af765ed9aa2d69fe797c1530c88ae55ed5f4,F3_2e_activity_chain_fit_v1,5d0ee68d0b363b54c53378677a5a21c36707f97c146de49f6158ee7eb7ac3c2c,models/CHAIN_B/CHB3/model.json,models/CHAIN_B/CHB3/artifact_manifest.json,c9ddff7d43ae192dbe8979b82871343a532c443a3f119211dca3d6c480ca82c2,3d423fa386b4a936bbe6b4a8e53d73e14efd9ee68878c32033f1ad37068e9ba1,FITTED_TRAIN_ONLY_NOT_SELECTED
DG_TIME_SCHEDULE,TIME_REF,REFERENCE,REFERENCE_BASELINE,0,TIME_REF_REFERENCE,799d5c6085c7c29ba7e83e02d37b37aac22ee296,F3_2f_time_schedule_fit_v1,d40c7694a1d9e07e1a19289f6b81ce10c0abda10cae59c28722b24cc2e878520,models/TIME_REF/model.json,models/TIME_REF/artifact_manifest.json,c3eeb68a49442775ed40fb812f73400eecf037c231814c96d52c19754efbacd8,31b880dbc7f3bf829140c96f8f0fe1340691950046b3a7d6294e0e6dc989c7ca,FITTED_TRAIN_ONLY_NOT_SELECTED
DG_TIME_SCHEDULE,TIME_A,TA1,CORE_CANDIDATE_A,1,TIME_A_TA1,799d5c6085c7c29ba7e83e02d37b37aac22ee296,F3_2f_time_schedule_fit_v1,d40c7694a1d9e07e1a19289f6b81ce10c0abda10cae59c28722b24cc2e878520,models/TIME_A/TA1/model.json,models/TIME_A/TA1/artifact_manifest.json,21b2acfb93c5a550549872cd80099b562de09db393a52a5bc68fee3a4ee24c03,c0cd133840ad2cdcc3841cd63a3d262b34f30bb79a732996ccd51ff93b1fb123,FITTED_TRAIN_ONLY_NOT_SELECTED
DG_TIME_SCHEDULE,TIME_A,TA2,CORE_CANDIDATE_A,1,TIME_A_TA2,799d5c6085c7c29ba7e83e02d37b37aac22ee296,F3_2f_time_schedule_fit_v1,d40c7694a1d9e07e1a19289f6b81ce10c0abda10cae59c28722b24cc2e878520,models/TIME_A/TA2/model.json,models/TIME_A/TA2/artifact_manifest.json,22cf2431a23a7b93924160b85c006f77628fc82355dad637a32d63dd3555ef17,a61e9d60ce2e58cfe681e45061d4ee773b9e82394f90d4397777a1dcf1f04f4e,FITTED_TRAIN_ONLY_NOT_SELECTED
DG_TIME_SCHEDULE,TIME_A,TA3,CORE_CANDIDATE_A,1,TIME_A_TA3,799d5c6085c7c29ba7e83e02d37b37aac22ee296,F3_2f_time_schedule_fit_v1,d40c7694a1d9e07e1a19289f6b81ce10c0abda10cae59c28722b24cc2e878520,models/TIME_A/TA3/model.json,models/TIME_A/TA3/artifact_manifest.json,414f2213b0a62d5630e2d209af81c3faac3fcbf96b526d3a0d36f87c60f429be,c392e0fb6191d2f2078e4c18d49cd6ed8b055e9a2c1d10cce8c12fc3b8a2cab8,FITTED_TRAIN_ONLY_NOT_SELECTED
DG_TIME_SCHEDULE,TIME_B,TB1,CORE_CHALLENGER_B,2,TIME_B_TB1,799d5c6085c7c29ba7e83e02d37b37aac22ee296,F3_2f_time_schedule_fit_v1,d40c7694a1d9e07e1a19289f6b81ce10c0abda10cae59c28722b24cc2e878520,models/TIME_B/TB1/model.json,models/TIME_B/TB1/artifact_manifest.json,0e28e92a51fcb7b3d691d0b569a79acb5cfbd29750879048f9985502d2b070a9,6a4d098517137714212fdf4a9718ee687521c8d6aede97acde60c41c0125abe1,FITTED_TRAIN_ONLY_NOT_SELECTED
DG_TIME_SCHEDULE,TIME_B,TB2,CORE_CHALLENGER_B,2,TIME_B_TB2,799d5c6085c7c29ba7e83e02d37b37aac22ee296,F3_2f_time_schedule_fit_v1,d40c7694a1d9e07e1a19289f6b81ce10c0abda10cae59c28722b24cc2e878520,models/TIME_B/TB2/model.json,models/TIME_B/TB2/artifact_manifest.json,74aa012647291854c4fa087f1dd798e9d909e3c681046f1447307a23a6d5f900,ff3caa54e7ee11c2bde79e49da5604277d506c826b891fb7a1e4edd04b157c5a,FITTED_TRAIN_ONLY_NOT_SELECTED
DG_TIME_SCHEDULE,TIME_B,TB3,CORE_CHALLENGER_B,2,TIME_B_TB3,799d5c6085c7c29ba7e83e02d37b37aac22ee296,F3_2f_time_schedule_fit_v1,d40c7694a1d9e07e1a19289f6b81ce10c0abda10cae59c28722b24cc2e878520,models/TIME_B/TB3/model.json,models/TIME_B/TB3/artifact_manifest.json,27654c80ab52be8d87792686e92d6bcc8238d549dce0e4a1c1216d96923893b9,2a2ccdf2bec75eb1b35b553e072c979c974395356066b266e65f150af52cddbe,FITTED_TRAIN_ONLY_NOT_SELECTED
DG_DISTANCE_PRIOR,DIST_REF,REFERENCE,REFERENCE_BASELINE,0,DIST_REF_REFERENCE,a128dd29ca4d3d99545039c458ddac68159b592f,F3_2g_distance_prior_fit_v1,11edbbdfbf22b9e04acc1a4a0fbb6dfcd282a939a54c410a4c68de5505d02be7,models/DIST_REF/model.json,models/DIST_REF/artifact_manifest.json,21554c37d44aad7144c8daac1ddfd9e9a63402d59e105f9e790e83c1ea6e4cab,4a30ae1f586418c31a55028e2902d28c43e234a1fddaadccba9103c1a09bd409,FITTED_TRAIN_ONLY_NOT_SELECTED
DG_DISTANCE_PRIOR,DIST_A,DA1,CORE_CANDIDATE_A,1,DIST_A_DA1,a128dd29ca4d3d99545039c458ddac68159b592f,F3_2g_distance_prior_fit_v1,11edbbdfbf22b9e04acc1a4a0fbb6dfcd282a939a54c410a4c68de5505d02be7,models/DIST_A/DA1/model.json,models/DIST_A/DA1/artifact_manifest.json,1ca545f4be8ee0a374baf501446db55eeb617e2629c1d79803601cef8895c898,b79f5b766973a4cff344ab0689c05416f6c01f73b7118065f48b799f434722e1,FITTED_TRAIN_ONLY_NOT_SELECTED
DG_DISTANCE_PRIOR,DIST_B,DB1,CORE_CHALLENGER_B,2,DIST_B_DB1,a128dd29ca4d3d99545039c458ddac68159b592f,F3_2g_distance_prior_fit_v1,11edbbdfbf22b9e04acc1a4a0fbb6dfcd282a939a54c410a4c68de5505d02be7,models/DIST_B/DB1/model.json,models/DIST_B/DB1/artifact_manifest.json,092912f5390b414ef346576eda142b6f50d063ced4aa4105a59445f9644c289b,9c19f21663595ca915e0cc9638898f35686404ebeba3b73ccf8077fe49fbb53c,FITTED_TRAIN_ONLY_NOT_SELECTED
DG_DISTANCE_PRIOR,DIST_B,DB2,CORE_CHALLENGER_B,2,DIST_B_DB2,a128dd29ca4d3d99545039c458ddac68159b592f,F3_2g_distance_prior_fit_v1,11edbbdfbf22b9e04acc1a4a0fbb6dfcd282a939a54c410a4c68de5505d02be7,models/DIST_B/DB2/model.json,models/DIST_B/DB2/artifact_manifest.json,65de0919de24cdd3689fffde5afa5ed6c4237f438d67d22715c3c0ee9921e02f,0942f6869dbb3d9d548fc8ac3fcbc377756fe728ba330019936d5621e3fdd027,FITTED_TRAIN_ONLY_NOT_SELECTED
DG_DISTANCE_PRIOR,DIST_B,DB3,CORE_CHALLENGER_B,2,DIST_B_DB3,a128dd29ca4d3d99545039c458ddac68159b592f,F3_2g_distance_prior_fit_v1,11edbbdfbf22b9e04acc1a4a0fbb6dfcd282a939a54c410a4c68de5505d02be7,models/DIST_B/DB3/model.json,models/DIST_B/DB3/artifact_manifest.json,967bd5255d2dda53b311d2412e86165fb1f0bc82b0ae40c9e90879662f124aeb,a34696b0d68217f10da5ebe3c8181bfa9fd1193e5a9fa3d85146df618ba27c9e,FITTED_TRAIN_ONLY_NOT_SELECTED
