component_order,component,artifact_id,candidate_id,grid_id,role,complexity_rank,evaluation_modes,execution_stage,train_state_required
1,DG_PARTICIPATION,DG_PARTICIPATION::PART_REF::REFERENCE,PART_REF,REFERENCE,REFERENCE_BASELINE,0,ISOLATED,FIRST_CONTROLLED_CAL_RUN,FITTED_TRAIN_ONLY_NOT_SELECTED
1,DG_PARTICIPATION,DG_PARTICIPATION::PART_A::PA1,PART_A,PA1,CORE_CANDIDATE_A,1,ISOLATED,FIRST_CONTROLLED_CAL_RUN,FITTED_TRAIN_ONLY_NOT_SELECTED
1,DG_PARTICIPATION,DG_PARTICIPATION::PART_A::PA2,PART_A,PA2,CORE_CANDIDATE_A,1,ISOLATED,FIRST_CONTROLLED_CAL_RUN,FITTED_TRAIN_ONLY_NOT_SELECTED
1,DG_PARTICIPATION,DG_PARTICIPATION::PART_A::PA3,PART_A,PA3,CORE_CANDIDATE_A,1,ISOLATED,FIRST_CONTROLLED_CAL_RUN,FITTED_TRAIN_ONLY_NOT_SELECTED
1,DG_PARTICIPATION,DG_PARTICIPATION::PART_B::PB1,PART_B,PB1,CORE_CHALLENGER_B,2,ISOLATED,FIRST_CONTROLLED_CAL_RUN,FITTED_TRAIN_ONLY_NOT_SELECTED
1,DG_PARTICIPATION,DG_PARTICIPATION::PART_B::PB2,PART_B,PB2,CORE_CHALLENGER_B,2,ISOLATED,FIRST_CONTROLLED_CAL_RUN,FITTED_TRAIN_ONLY_NOT_SELECTED
1,DG_PARTICIPATION,DG_PARTICIPATION::PART_B::PB3,PART_B,PB3,CORE_CHALLENGER_B,2,ISOLATED,FIRST_CONTROLLED_CAL_RUN,FITTED_TRAIN_ONLY_NOT_SELECTED
1,DG_PARTICIPATION,DG_PARTICIPATION::PART_B::PB4,PART_B,PB4,CORE_CHALLENGER_B,2,ISOLATED,FIRST_CONTROLLED_CAL_RUN,FITTED_TRAIN_ONLY_NOT_SELECTED
2,DG_TRIP_COUNT,DG_TRIP_COUNT::COUNT_REF::REFERENCE,COUNT_REF,REFERENCE,REFERENCE_BASELINE,0,ISOLATED;PROPAGATED_AFTER_UPSTREAM_SELECTION,BLOCKED_UNTIL_PREVIOUS_COMPONENT_CLOSED,FITTED_TRAIN_ONLY_NOT_SELECTED
2,DG_TRIP_COUNT,DG_TRIP_COUNT::COUNT_A::CA1,COUNT_A,CA1,CORE_CANDIDATE_A,1,ISOLATED;PROPAGATED_AFTER_UPSTREAM_SELECTION,BLOCKED_UNTIL_PREVIOUS_COMPONENT_CLOSED,FITTED_TRAIN_ONLY_NOT_SELECTED
2,DG_TRIP_COUNT,DG_TRIP_COUNT::COUNT_A::CA2,COUNT_A,CA2,CORE_CANDIDATE_A,1,ISOLATED;PROPAGATED_AFTER_UPSTREAM_SELECTION,BLOCKED_UNTIL_PREVIOUS_COMPONENT_CLOSED,FITTED_TRAIN_ONLY_NOT_SELECTED
2,DG_TRIP_COUNT,DG_TRIP_COUNT::COUNT_A::CA3,COUNT_A,CA3,CORE_CANDIDATE_A,1,ISOLATED;PROPAGATED_AFTER_UPSTREAM_SELECTION,BLOCKED_UNTIL_PREVIOUS_COMPONENT_CLOSED,FITTED_TRAIN_ONLY_NOT_SELECTED
2,DG_TRIP_COUNT,DG_TRIP_COUNT::COUNT_B::CB1,COUNT_B,CB1,CORE_CHALLENGER_B,2,ISOLATED;PROPAGATED_AFTER_UPSTREAM_SELECTION,BLOCKED_UNTIL_PREVIOUS_COMPONENT_CLOSED,FITTED_TRAIN_ONLY_NOT_SELECTED
3,DG_ACTIVITY_CHAIN,DG_ACTIVITY_CHAIN::CHAIN_REF::REFERENCE,CHAIN_REF,REFERENCE,REFERENCE_BASELINE,0,ISOLATED;PROPAGATED_AFTER_UPSTREAM_SELECTION,BLOCKED_UNTIL_PREVIOUS_COMPONENT_CLOSED,FITTED_TRAIN_ONLY_NOT_SELECTED
3,DG_ACTIVITY_CHAIN,DG_ACTIVITY_CHAIN::CHAIN_A::CHA1,CHAIN_A,CHA1,CORE_CANDIDATE_A,1,ISOLATED;PROPAGATED_AFTER_UPSTREAM_SELECTION,BLOCKED_UNTIL_PREVIOUS_COMPONENT_CLOSED,FITTED_TRAIN_ONLY_NOT_SELECTED
3,DG_ACTIVITY_CHAIN,DG_ACTIVITY_CHAIN::CHAIN_A::CHA2,CHAIN_A,CHA2,CORE_CANDIDATE_A,1,ISOLATED;PROPAGATED_AFTER_UPSTREAM_SELECTION,BLOCKED_UNTIL_PREVIOUS_COMPONENT_CLOSED,FITTED_TRAIN_ONLY_NOT_SELECTED
3,DG_ACTIVITY_CHAIN,DG_ACTIVITY_CHAIN::CHAIN_B::CHB1,CHAIN_B,CHB1,CORE_CHALLENGER_B,2,ISOLATED;PROPAGATED_AFTER_UPSTREAM_SELECTION,BLOCKED_UNTIL_PREVIOUS_COMPONENT_CLOSED,FITTED_TRAIN_ONLY_NOT_SELECTED
3,DG_ACTIVITY_CHAIN,DG_ACTIVITY_CHAIN::CHAIN_B::CHB2,CHAIN_B,CHB2,CORE_CHALLENGER_B,2,ISOLATED;PROPAGATED_AFTER_UPSTREAM_SELECTION,BLOCKED_UNTIL_PREVIOUS_COMPONENT_CLOSED,FITTED_TRAIN_ONLY_NOT_SELECTED
3,DG_ACTIVITY_CHAIN,DG_ACTIVITY_CHAIN::CHAIN_B::CHB3,CHAIN_B,CHB3,CORE_CHALLENGER_B,2,ISOLATED;PROPAGATED_AFTER_UPSTREAM_SELECTION,BLOCKED_UNTIL_PREVIOUS_COMPONENT_CLOSED,FITTED_TRAIN_ONLY_NOT_SELECTED
4,DG_TIME_SCHEDULE,TIME_REF_REFERENCE,TIME_REF,REFERENCE,REFERENCE_BASELINE,0,ISOLATED;PROPAGATED_AFTER_UPSTREAM_SELECTION,BLOCKED_UNTIL_PREVIOUS_COMPONENT_CLOSED,FITTED_TRAIN_ONLY_NOT_SELECTED
4,DG_TIME_SCHEDULE,TIME_A_TA1,TIME_A,TA1,CORE_CANDIDATE_A,1,ISOLATED;PROPAGATED_AFTER_UPSTREAM_SELECTION,BLOCKED_UNTIL_PREVIOUS_COMPONENT_CLOSED,FITTED_TRAIN_ONLY_NOT_SELECTED
4,DG_TIME_SCHEDULE,TIME_A_TA2,TIME_A,TA2,CORE_CANDIDATE_A,1,ISOLATED;PROPAGATED_AFTER_UPSTREAM_SELECTION,BLOCKED_UNTIL_PREVIOUS_COMPONENT_CLOSED,FITTED_TRAIN_ONLY_NOT_SELECTED
4,DG_TIME_SCHEDULE,TIME_A_TA3,TIME_A,TA3,CORE_CANDIDATE_A,1,ISOLATED;PROPAGATED_AFTER_UPSTREAM_SELECTION,BLOCKED_UNTIL_PREVIOUS_COMPONENT_CLOSED,FITTED_TRAIN_ONLY_NOT_SELECTED
4,DG_TIME_SCHEDULE,TIME_B_TB1,TIME_B,TB1,CORE_CHALLENGER_B,2,ISOLATED;PROPAGATED_AFTER_UPSTREAM_SELECTION,BLOCKED_UNTIL_PREVIOUS_COMPONENT_CLOSED,FITTED_TRAIN_ONLY_NOT_SELECTED
4,DG_TIME_SCHEDULE,TIME_B_TB2,TIME_B,TB2,CORE_CHALLENGER_B,2,ISOLATED;PROPAGATED_AFTER_UPSTREAM_SELECTION,BLOCKED_UNTIL_PREVIOUS_COMPONENT_CLOSED,FITTED_TRAIN_ONLY_NOT_SELECTED
4,DG_TIME_SCHEDULE,TIME_B_TB3,TIME_B,TB3,CORE_CHALLENGER_B,2,ISOLATED;PROPAGATED_AFTER_UPSTREAM_SELECTION,BLOCKED_UNTIL_PREVIOUS_COMPONENT_CLOSED,FITTED_TRAIN_ONLY_NOT_SELECTED
5,DG_DISTANCE_PRIOR,DIST_REF_REFERENCE,DIST_REF,REFERENCE,REFERENCE_BASELINE,0,ISOLATED;PROPAGATED_AFTER_UPSTREAM_SELECTION,BLOCKED_UNTIL_PREVIOUS_COMPONENT_CLOSED,FITTED_TRAIN_ONLY_NOT_SELECTED
5,DG_DISTANCE_PRIOR,DIST_A_DA1,DIST_A,DA1,CORE_CANDIDATE_A,1,ISOLATED;PROPAGATED_AFTER_UPSTREAM_SELECTION,BLOCKED_UNTIL_PREVIOUS_COMPONENT_CLOSED,FITTED_TRAIN_ONLY_NOT_SELECTED
5,DG_DISTANCE_PRIOR,DIST_B_DB1,DIST_B,DB1,CORE_CHALLENGER_B,2,ISOLATED;PROPAGATED_AFTER_UPSTREAM_SELECTION,BLOCKED_UNTIL_PREVIOUS_COMPONENT_CLOSED,FITTED_TRAIN_ONLY_NOT_SELECTED
5,DG_DISTANCE_PRIOR,DIST_B_DB2,DIST_B,DB2,CORE_CHALLENGER_B,2,ISOLATED;PROPAGATED_AFTER_UPSTREAM_SELECTION,BLOCKED_UNTIL_PREVIOUS_COMPONENT_CLOSED,FITTED_TRAIN_ONLY_NOT_SELECTED
5,DG_DISTANCE_PRIOR,DIST_B_DB3,DIST_B,DB3,CORE_CHALLENGER_B,2,ISOLATED;PROPAGATED_AFTER_UPSTREAM_SELECTION,BLOCKED_UNTIL_PREVIOUS_COMPONENT_CLOSED,FITTED_TRAIN_ONLY_NOT_SELECTED
