plr_id,missing_purposes,missing_purpose_count,total_nonhome_label_evidence
01100101,EDUCATION,1,215
03300515,OTHER;SHOPPING,2,29
03300517,EDUCATION,1,144
03400831,EDUCATION;LEISURE;OTHER,3,8
04200309,BUSINESS,1,96
04400725,EDUCATION;OTHER,2,15
05100102,OTHER,1,27
05100207,EDUCATION;OTHER,2,63
05200418,EDUCATION,1,20
05200419,BUSINESS,1,36
05200422,OTHER,1,125
05200525,BUSINESS;SHOPPING,2,36
05200632,EDUCATION,1,73
05300838,EDUCATION;OTHER,2,118
05400944,EDUCATION,1,83
06200418,BUSINESS;EDUCATION;OTHER;SHOPPING;WORK_COMMUTE,5,2
07601339,OTHER,1,60
07601548,OTHER,1,24
08200729,EDUCATION,1,366
08401138,EDUCATION,1,61
08401140,OTHER,1,36
09100306,EDUCATION,1,84
09301227,OTHER,1,30
09401330,OTHER,1,37
12100206,BUSINESS,1,60
12200307,EDUCATION,1,148
12200411,EDUCATION,1,85
