rule_id,priority,rule_kind,osm_key,value_pattern,geometry_scope,supply_class,eligible_purposes,decision,confidence,evidence_basis,notes
A3-EXC-001,1000,LIFECYCLE_KEY_PREFIX,disused:*|abandoned:*|demolished:*|razed:*|removed:*|proposed:*|construction:*,*,ANY,NONE,,EXCLUDE,HIGH,PROJECT_GUARDRAIL,Inactive/future lifecycle namespaces are never operational supply.
A3-EXC-002,990,INACTIVE_VALUE,*,no|vacant|construction|demolished|abandoned|disused|proposed|razed|removed,ANY,NONE,,EXCLUDE,HIGH,PROJECT_GUARDRAIL,Explicit inactive/non-operational values are excluded.
A3-EXC-003,980,EXACT,shop,vacant,ANY,NONE,,EXCLUDE,HIGH,MALKUS_2024_EXAMPLE,Explicitly excluded in the published example registry.
A3-EXC-004,970,EXACT,building,yes,POLYGON,NONE,,EXCLUDE,HIGH,MALKUS_2024_EXAMPLE,Generic building=yes has insufficient semantic specificity.
A3-EXC-005,960,TRANSPORT_DESTINATION_GUARD,amenity,parking|parking_entrance|bicycle_parking|fuel|charging_station|bus_station|taxi|car_wash,ANY,NONE,,EXCLUDE,HIGH,PROJECT_NFI_MODE_BLIND,Avoid mode-/transport-facility leakage into purpose-location supply.
A3-HOME-001,900,VALUE_SET,building,apartments|residential|house|detached|semidetached_house|terrace|bungalow,POLYGON,RESIDENTIAL_BUILDING,,INCLUDE_HOME_ANCHOR,HIGH,PROJECT_A1_PLUS_OSM_SEMANTICS,Eligible ResidentialAnchor evidence; not generic LocationSupply.
A3-HOME-002,890,EXACT,landuse,residential,POLYGON,RESIDENTIAL_AREA_FALLBACK,,INCLUDE_HOME_FALLBACK_AREA,MEDIUM,PROJECT_A1,Fallback area only when no eligible residential building is available; not a household capacity claim.
A3-WORK-001,850,WILDCARD_ACTIVE,office,*,POINT_OR_POLYGON,FACILITY,WORK_COMMUTE;BUSINESS,INCLUDE,HIGH,PROJECT_PURPOSE_SEMANTICS,Office evidence is strongly compatible with work and business-trip destinations.
A3-WORK-002,845,WILDCARD_ACTIVE,craft,*,POINT_OR_POLYGON,FACILITY,WORK_COMMUTE;BUSINESS,INCLUDE,HIGH,MALKUS_KEY_FAMILY_PLUS_PROJECT_MAPPING,Craft sites are employment/business locations; purpose mapping is project-specific.
A3-WORK-003,840,VALUE_SET,building,office|industrial|commercial|retail|warehouse,POLYGON,FACILITY,WORK_COMMUTE;BUSINESS,INCLUDE,MEDIUM,MALKUS_EXAMPLE_PLUS_PROJECT_MAPPING,Generic employment/commercial buildings; attractiveness/capacity deferred.
A3-WORK-004,835,VALUE_SET,landuse,industrial|commercial,POLYGON,EMPLOYMENT_AREA_FALLBACK,WORK_COMMUTE;BUSINESS,INCLUDE_AREA_FALLBACK,MEDIUM,PROJECT_MAPPING,"Area fallback, lower priority than explicit facilities/buildings."
A3-WORK-005,830,EXACT,building,greenhouse,POLYGON,FACILITY,WORK_COMMUTE,INCLUDE,MEDIUM,MALKUS_2024_EXAMPLE,Published example maps building=greenhouse to work.
A3-EDU-001,820,VALUE_SET,amenity,school|university|college|kindergarten|childcare|language_school|music_school|driving_school,POINT_OR_POLYGON,FACILITY,EDUCATION;WORK_COMMUTE,INCLUDE,HIGH,PROJECT_MAPPING,High-confidence education facilities; employment is secondary eligibility.
A3-EDU-002,815,VALUE_SET,building,school|university|college|kindergarten,POLYGON,FACILITY,EDUCATION;WORK_COMMUTE,INCLUDE,MEDIUM,PROJECT_MAPPING,Fallback where building carries the semantic tag.
A3-EDU-003,810,EXACT,amenity,library,POINT_OR_POLYGON,FACILITY,EDUCATION;LEISURE;WORK_COMMUTE,INCLUDE,HIGH,MALKUS_2024_EXAMPLE,"Published example assigns education, work and leisure to library."
A3-SHOP-001,800,WILDCARD_ACTIVE,shop,*,POINT_OR_POLYGON,FACILITY,SHOPPING;WORK_COMMUTE,INCLUDE,HIGH,MALKUS_KEY_FAMILY_PLUS_PROJECT_MAPPING,All active shop=* are shopping opportunities; employment secondary.
A3-SHOP-002,795,EXACT,amenity,marketplace,POINT_OR_POLYGON,FACILITY,SHOPPING;WORK_COMMUTE,INCLUDE,HIGH,PROJECT_MAPPING,Marketplace is direct shopping supply.
A3-SHOP-003,790,VALUE_SET,building,retail|commercial,POLYGON,FACILITY,SHOPPING;WORK_COMMUTE;BUSINESS,INCLUDE,MEDIUM,MALKUS_2024_EXAMPLE_PLUS_PROJECT_MAPPING,Commercial/retail building can host shopping and employment; no capacity implied.
A3-SHOP-004,785,EXACT,landuse,retail,POLYGON,SHOPPING_AREA_FALLBACK,SHOPPING;WORK_COMMUTE,INCLUDE_AREA_FALLBACK,MEDIUM,PROJECT_MAPPING,Area fallback only; explicit shops/facilities preferred.
A3-LEI-001,770,WILDCARD_ACTIVE,leisure,*,POINT_OR_POLYGON,FACILITY_OR_AREA,LEISURE,INCLUDE,HIGH,MALKUS_KEY_FAMILY_PLUS_PROJECT_MAPPING,Active leisure=* is compatible with leisure destination.
A3-LEI-002,765,VALUE_SET,amenity,cinema|theatre|arts_centre|community_centre|nightclub|pub|bar|cafe|restaurant|fast_food,POINT_OR_POLYGON,FACILITY,LEISURE;WORK_COMMUTE,INCLUDE,HIGH,PROJECT_MAPPING,Visitor-serving leisure/social destinations; employment secondary.
A3-LEI-003,760,VALUE_SET,tourism,attraction|museum|gallery|zoo|theme_park|aquarium|viewpoint,POINT_OR_POLYGON,FACILITY,LEISURE;WORK_COMMUTE,INCLUDE,HIGH,PROJECT_MAPPING,Selected tourism destinations; tourism=* is not globally enabled.
A3-LEI-004,755,VALUE_SET,historic,castle|memorial|monument|archaeological_site|ruins,POINT_OR_POLYGON,FACILITY_OR_AREA,LEISURE,INCLUDE,MEDIUM,PROJECT_MAPPING,Selected visitable historic features; historic=* remains default-deny.
A3-LEI-005,750,EXACT,landuse,forest,POLYGON,LEISURE_AREA_FALLBACK,LEISURE,INCLUDE_AREA_FALLBACK,MEDIUM,MALKUS_2024_EXAMPLE_WITH_PROJECT_RESTRICTION,Malkus example included leisure+work; SimFleet-EDG V1 keeps only leisure to avoid treating forest area as generic workplace.
A3-OTH-001,740,WILDCARD_ACTIVE,healthcare,*,POINT_OR_POLYGON,FACILITY,OTHER;WORK_COMMUTE,INCLUDE,HIGH,MALKUS_KEY_FAMILY_PLUS_PROJECT_MAPPING,Healthcare trips map to OTHER in current CHA2 taxonomy; employment secondary.
A3-OTH-002,735,VALUE_SET,amenity,hospital|clinic|doctors|dentist|pharmacy|veterinary,POINT_OR_POLYGON,FACILITY,OTHER;WORK_COMMUTE,INCLUDE,HIGH,PROJECT_MAPPING,Explicit healthcare amenities.
A3-OTH-003,730,VALUE_SET,amenity,townhall|post_office|courthouse|embassy|social_facility|place_of_worship,POINT_OR_POLYGON,FACILITY,OTHER;WORK_COMMUTE,INCLUDE,MEDIUM,PROJECT_MAPPING,Curated civic/social/personal-service destinations; not universal amenity fallback.
A3-OTH-004,725,EXACT,amenity,recycling,POINT_OR_POLYGON,FACILITY,OTHER;WORK_COMMUTE,INCLUDE,MEDIUM,MALKUS_EXAMPLE_SEMANTIC_REMAP,"Malkus labels private business+work; project maps private errand semantics to OTHER, not BUSINESS."
A3-BUS-001,720,VALUE_SET,amenity,conference_centre|coworking_space,POINT_OR_POLYGON,FACILITY,BUSINESS;WORK_COMMUTE,INCLUDE,HIGH,PROJECT_MAPPING,Explicit business/work-related facilities.
A3-BUS-002,715,VALUE_SET,amenity,bank|bureau_de_change,POINT_OR_POLYGON,FACILITY,BUSINESS;OTHER;WORK_COMMUTE,INCLUDE,MEDIUM,PROJECT_MAPPING,Can support business or personal errand purposes; multi-purpose supply is allowed.
A3-WORK-006,700,VALUE_SET,amenity,police|fire_station|prison,POINT_OR_POLYGON,FACILITY,WORK_COMMUTE,INCLUDE,MEDIUM,PROJECT_MAPPING,Employment-only in V1; not exposed as generic OTHER destination.
A3-WORK-007,695,VALUE_SET,tourism,hotel|hostel|guest_house,POINT_OR_POLYGON,FACILITY,WORK_COMMUTE,INCLUDE,MEDIUM,PROJECT_MAPPING,Employment supply only; overnight tourism is outside current urban daily activity taxonomy.
A3-GRD-001,680,PURPOSE_GUARD,*,*,ANY,NONE,ESCORT,FORBID_GENERIC_SUPPLY,HIGH,F4_1C_A1,ESCORT remains RELATIONAL and cannot be supplied from generic OSM POIs.
A3-GRD-002,675,PURPOSE_GUARD,*,*,ANY,NONE,RETURN_HOME,FORBID_GENERIC_SUPPLY,HIGH,F4_1C_A1,"HOME resolves through ResidentialAnchor, not generic LocationSupply."
A3-GRD-003,670,DEFAULT_DENY,*,*,ANY,NONE,,EXCLUDE_UNMAPPED,HIGH,PROJECT_GUARDRAIL,Any key/value not matched by a higher-priority rule is excluded and counted as unmapped.
