evidence_id,domain,applicable_supply,source_feature,evidence_role,status,canonical_target,semantics,restrictions
A4-EV-001,RESIDENTIAL,RESIDENTIAL_BUILDING,projected_polygon_area_m2,RESIDENTIAL_MASS_PROXY,ALLOWED_V1,ResidentialAnchor sampling sidecar,Relative opportunity mass for selecting a residential building within the accepted parent geography.,"Area is a sampling mass proxy, NOT household/person capacity."
A4-EV-002,RESIDENTIAL,RESIDENTIAL_AREA_FALLBACK,projected_polygon_area_m2,RESIDENTIAL_FALLBACK_MASS,ALLOWED_FALLBACK_V1,ResidentialAnchor fallback sidecar,Relative mass among residential fallback areas when no eligible residential building support is available.,Fallback only; does not compete at equal priority with explicit residential buildings.
A4-EV-003,NON_HOME,EXPLICIT_POLYGON_FACILITY,projected_polygon_area_m2,ATTRACTIVENESS_EVIDENCE,ALLOWED_AS_RAW_EVIDENCE,LocationSupplyEvidenceRecord,Physical footprint may proxy relative opportunity mass.,Do not write raw m2 directly into canonical attractiveness; transformation is F4.2.
A4-EV-004,NON_HOME,POINT_FACILITY,unit_presence,ATTRACTIVENESS_EVIDENCE,ALLOWED_AS_RAW_EVIDENCE,LocationSupplyEvidenceRecord,Presence of one explicit eligible facility provides unit evidence when no quantitative mass is available.,Unit presence is not capacity and does not imply equivalence across facility types.
A4-EV-005,NON_HOME,AREA_FALLBACK,projected_polygon_area_m2,ATTRACTIVENESS_EVIDENCE,AUDIT_ONLY_V1,LocationSupplyEvidenceRecord,Area can be retained for diagnostics.,Full land-use polygon area must not be used directly as S_ATTR weight in V1 because fallback areas can dominate explicit facilities.
A4-EV-006,ALL,ANY,osm_capacity_raw,CAPACITY_EVIDENCE,RETAIN_RAW_ONLY,LocationSupplyEvidenceRecord,"Raw OSM capacity-like tag, if present, is preserved with provenance.",Do not promote generically to canonical capacity; semantic unit/purpose/time basis may differ.
A4-EV-007,ALL,ANY,building_levels_raw,PHYSICAL_SIZE_EVIDENCE,RETAIN_RAW_ONLY,LocationSupplyEvidenceRecord,Potential future physical-size enrichment.,No V1 multiplication area×levels; missing/inconsistent levels and semantics are not yet audited.
A4-EV-008,ALL,ANY,"name,address",IDENTITY_EVIDENCE,DEDUP_ONLY,canonicalization audit,Identity evidence for conservative POI/building duplicate resolution.,Must not affect attractiveness or capacity.
A4-EV-009,ALL,ANY,poi_count_in_zone,AGGREGATE_COUNT,FORBIDDEN_AS_RECORD_CAPACITY,NONE,Zone-level POI count may be reported diagnostically.,POI count is neither person capacity nor record attractiveness.
A4-EV-010,ALL,ANY,eligible_osm_tag_presence,ELIGIBILITY_ONLY,FORBIDDEN_AS_CAPACITY,NONE,Tag presence establishes A3 compatibility only.,Eligibility is not attractiveness and not capacity.
A4-EV-011,ALL,ANY,geometry_area_m2,CAPACITY_PROXY,FORBIDDEN_V1,NONE,No direct conversion from footprint/land-use area to people capacity.,"Requires an independently frozen, purpose-specific conversion model before future use."
A4-EV-012,ALL,ANY,synthetic_constant_capacity,CAPACITY_PROXY,FORBIDDEN_V1,NONE,No default arbitrary person capacity.,Unknown capacity must remain NULL.
